sentence,label,predicted_node,predicted_node_score
Unable play,NO_NODES_DETECTED,HOW_TO_PLAY,0.971908688545227
I am unable to join any contest,NO_NODES_DETECTED,JOIN_CONTEST,0.989816427230835
My team not creative way,NO_NODES_DETECTED,FAKE_TEAMS,0.6904966235160828
Unable to create team and join,NO_NODES_DETECTED,JOIN_CONTEST,0.4331201910972595
I m playing from long time but but i m not able to join contest plz cleck the statud,NO_NODES_DETECTED,JOIN_CONTEST,0.6749215126037598
Not opend please help me,CAPABILITIES,CHAT_WITH_AN_AGENT,0.8968811631202698
My account under fair play or not,FAIRPLAY_VIOLATIONS,FAIRPLAY_VIOLATIONS,0.9843744039535522
Sir I am not able to join contest,NO_NODES_DETECTED,JOIN_CONTEST,0.9825164079666138
No rummay,NO_NODES_DETECTED,CHAT_WITH_AN_AGENT,0.6742880940437317
I can't be join any contest?,NO_NODES_DETECTED,JOIN_CONTEST,0.9836921095848083
I am talk with your agent,CHAT_WITH_AN_AGENT,CHAT_WITH_AN_AGENT,0.9966259002685547
Xxx,NO_NODES_DETECTED,THANKS,0.7630206942558289
Unable to join?,NO_NODES_DETECTED,JOIN_CONTEST,0.6936472058296204
How to deactivate of my PowerPlay11 account,NO_NODES_DETECTED,ACCOUNT_RESET,0.8084704279899597
Problem in joining any contest,NO_NODES_DETECTED,JOIN_CONTEST,0.9874922633171082
Dear Sir I Deposit 200 Rs But Not Credit In My Wallet,NO_NODES_DETECTED,CHECK_DEPOSIT_STATUS,0.6946892142295837
Restricting me to join  contest,NO_NODES_DETECTED,JOIN_CONTEST,0.9906777143478394
"I try to join any contest but showing me unfortunately, PowerPlay11 stopped,
Why this msg come in my screen",NO_NODES_DETECTED,CANNOT_SEE_JOINED_CONTESTS,0.8620991110801697
Application is not responding during team joining,NO_NODES_DETECTED,CHAT_WITH_AN_AGENT,0.6281409859657288
"All contest can not join football, baseball, basketball etc.",NO_NODES_DETECTED,CANNOT_SEE_JOINED_CONTESTS,0.9868464469909668
Join is not working,NO_NODES_DETECTED,CANNOT_SEE_JOINED_CONTESTS,0.7563528418540955
Sir rummy me deal or tournament kab jayga.,NO_NODES_DETECTED,FAKE_TEAMS,0.14773763716220856
My team is not  add  with  contest,NO_NODES_DETECTED,CANNOT_SEE_JOINED_CONTESTS,0.973166823387146
Team not  add,NO_NODES_DETECTED,CHANGE_PROFILE_TEAM_DETAILS,0.16643846035003662
Actually this may not responding from yesterdy,NO_NODES_DETECTED,CHAT_WITH_AN_AGENT,0.9900014400482178
I am not able to join any contest. Can you check.,NO_NODES_DETECTED,JOIN_CONTEST,0.9710373878479004
My account under fair play violation or not please tell me,FAIRPLAY_VIOLATIONS,FAIRPLAY_VIOLATIONS,0.9917203187942505
Add case  bonus kob haige,NO_NODES_DETECTED,TYPES_BONUS,0.9550460577011108
"Good afternoon 
My app PowerPlay11 is not working 
It shows the massage that PowerPlay11 unfortunately stopped",NO_NODES_DETECTED,CHAT_WITH_AN_AGENT,0.9742263555526733
Thats not working,NO_NODES_DETECTED,CHAT_WITH_AN_AGENT,0.9814984202384949
No cas contast,NO_NODES_DETECTED,CHAT_WITH_AN_AGENT,0.6972255706787109
App is not working properly,NO_NODES_DETECTED,CHAT_WITH_AN_AGENT,0.9411051273345947
Highest rank he,NO_NODES_DETECTED,APPRECIATION,0.21397922933101654
Why my current basketball teams being shown??,NO_NODES_DETECTED,FAKE_TEAMS,0.22011296451091766
Unfortunately app not working,NO_NODES_DETECTED,CHAT_WITH_AN_AGENT,0.9716904163360596
I have joined 505 leages but today app is not woking,NO_NODES_DETECTED,CANNOT_SEE_JOINED_CONTESTS,0.9901865124702454
Jju,NO_NODES_DETECTED,THANKS,0.9296221733093262
I have already app,NO_NODES_DETECTED,CHAT_WITH_AN_AGENT,0.43496862053871155
Give me contact number,CONTACT_NUMBER,CONTACT_NUMBER,0.996785581111908
Not working joining contest,NO_NODES_DETECTED,JOIN_CONTEST,0.9828135371208191
Application not working,NO_NODES_DETECTED,CHAT_WITH_AN_AGENT,0.8825848698616028
Application error mang raha hai,NO_NODES_DETECTED,PAN_VERIFICATION_FAILED,0.8758063316345215
Pan card is not verified,VERIFY_PAN,VERIFY_PAN,0.994594931602478
I have joined one contest till now it was not updated,CANNOT_SEE_JOINED_CONTESTS,CANNOT_SEE_JOINED_CONTESTS,0.9469475746154785
Some problem,NO_NODES_DETECTED,CHAT_WITH_AN_AGENT,0.5909711122512817
Team are not jion today,NO_NODES_DETECTED,FAKE_TEAMS,0.743507981300354
No contest join?,NO_NODES_DETECTED,JOIN_CONTEST,0.935139536857605
Team join Nahin ho raha hai please help me,NO_NODES_DETECTED,JOIN_CONTEST,0.5536060929298401
Unable to join the contest,NO_NODES_DETECTED,JOIN_CONTEST,0.9932650327682495
Click on the join button in front of the specific contest,JOIN_CONTEST,JOIN_CONTEST,0.6252664923667908
Not able to join basketball contest,NO_NODES_DETECTED,JOIN_CONTEST,0.9898117184638977
I want rummy app,NO_NODES_DETECTED,UNUTILIZED_MONEY,0.19521091878414154
Withdrawal issue ?,NO_NODES_DETECTED,WITHDRAWAL_TIME,0.5345079898834229
now match result,WHEN_SCORES_UPDATED,POINTS_NOT_UPDATED,0.982905387878418
Team join karne ke liye koshish karta hun joining Nahin Hota Hai Kyon,NO_NODES_DETECTED,JOIN_CONTEST,0.4876367747783661
Redeem code,NO_NODES_DETECTED,FAKE_TEAMS,0.09822840243577957
Join to nahi ho rha,NO_NODES_DETECTED,CANNOT_SEE_JOINED_CONTESTS,0.4814087450504303
my winning no my account,CHAT_WITH_AN_AGENT,WINNINGS,0.9118833541870117
No random code,NO_NODES_DETECTED,CHAT_WITH_AN_AGENT,0.20664170384407043
Sir you are not replying to my mail,NO_NODES_DETECTED,CHAT_WITH_AN_AGENT,0.9741641283035278
Thanks i understand all and i am not play PowerPlay11,NO_NODES_DETECTED,HOW_TO_PLAY,0.9609883427619934
Sir I can't join any contest why,NO_NODES_DETECTED,JOIN_CONTEST,0.8549098372459412
Mera team kisi bhi match me join kyo nahi ho rha hai,NO_NODES_DETECTED,CANNOT_SEE_JOINED_CONTESTS,0.5024509429931641
Plese help,CAPABILITIES,CAPABILITIES,0.8026930689811707
Why was not open my team rummy apk,NO_NODES_DETECTED,CANNOT_SEE_JOINED_CONTESTS,0.27294427156448364
Win,NO_NODES_DETECTED,WINNINGS,0.9834257364273071
Password no verify,NO_NODES_DETECTED,VERIFY_EMAIL,0.7644781470298767
My query is that how can I upload pan card,NO_NODES_DETECTED,VERIFY_PAN,0.9751437902450562
Paisa add nahi ho raha hai,NO_NODES_DETECTED,THANKS,0.6825262904167175
But it is not uploaded by the problem of technical errors,NO_NODES_DETECTED,CHAT_WITH_AN_AGENT,0.7604236602783203
Any  contest,TYPES_CONTESTS,CANNOT_SEE_JOINED_CONTESTS,0.45003798604011536
Contest join nahi hota hai,NO_NODES_DETECTED,JOIN_CONTEST,0.9948880672454834
this PowerPlay11 seems unfortunately stoped  whenever I will open it why?,NO_NODES_DETECTED,CHAT_WITH_AN_AGENT,0.8860577940940857
"But the teams which i have made 
Thts not opening",NO_NODES_DETECTED,CANNOT_SEE_JOINED_CONTESTS,0.5371752381324768
I want my deposit history....,CHECK_DEPOSIT_STATUS,CHECK_DEPOSIT_STATUS,0.9941369295120239
Ok tnq..,THANKS,THANKS,0.9376041889190674
How remove my pan card,DELETE_PAN_CARD,DELETE_PAN_CARD,0.9942762851715088
Is Instant withdrawal on PowerPlay11,INSTANT_WITHDRAWAL,INSTANT_WITHDRAWAL,0.9952685832977295
1000 rupees winning not add,WHEN_WINNINGS_DISTRIBUTED,WINNINGS,0.8884900808334351
Have a bad day,NO_NODES_DETECTED,CRITICISM,0.5319749712944031
Very bad,CRITICISM,CRITICISM,0.977246880531311
Jo kal t10 hai us ma mali ge,NO_NODES_DETECTED,THANKS,0.44275370240211487
Thank youüòä,THANKS,THANKS,0.9944697618484497
Result of football match,WHEN_SCORES_UPDATED,MATCH_ABANDONED,0.26877763867378235
Plz kya hindi m koi support mil sakta hai,NO_NODES_DETECTED,THANKS,0.45325136184692383
Manu kumar,NO_NODES_DETECTED,TYPES_CONTESTS,0.19507451355457306
Match me money kyu nhi aaya,NO_NODES_DETECTED,THANKS,0.16232840716838837
I want to update my current  email address that is registered with you,CHANGE_PROFILE_TEAM_DETAILS,VERIFY_EMAIL,0.9612082839012146
PAN card already verified,NO_NODES_DETECTED,VERIFY_PAN,0.994985818862915
Sir mai pahele verify karke app ko uninstall kiya tha sir ab mera pan card verify deka raha hai,NO_NODES_DETECTED,VERIFY_PAN,0.9664512872695923
Yesterday I was joined football match.and I download pdf file of all teams.but when I check the name of number one rank team . there is not showing the team in pdf,NO_NODES_DETECTED,CANNOT_SEE_JOINED_CONTESTS,0.6595733761787415
No trust on you,NO_NODES_DETECTED,CHAT_WITH_AN_AGENT,0.553915798664093
I have been sending mails but I am not getting any proper response. I was told that I will be contacted by PowerPlay11 for this issue but no one has contacted me till now. Why are you playing with the customers money. Please be fair and don't do any kind of fraud,NO_NODES_DETECTED,FAKE_TEAMS,0.7477831244468689
Help mee,NO_NODES_DETECTED,CAPABILITIES,0.9908326268196106
Chutiya team Nahin Laga Pa raha hun,NO_NODES_DETECTED,FAKE_TEAMS,0.9147594571113586
Please see my match point,WHEN_SCORES_UPDATED,POINTS_NOT_UPDATED,0.9868756532669067
Real time quize is not working now..why?,NO_NODES_DETECTED,CHAT_WITH_AN_AGENT,0.9388430118560791
My app is not working properly?,NO_NODES_DETECTED,CHAT_WITH_AN_AGENT,0.9771751165390015
It is less than 2 mb,NO_NODES_DETECTED,CHAT_WITH_AN_AGENT,0.29112082719802856
If you are getting time out error while verifying PAN card then please make sure then your PAN card image is less then 2MB. I know,PAN_VERIFICATION_FAILED,PAN_VERIFICATION_FAILED,0.9896984100341797
Today's basketball match no. 1 rank team selection 104 total and your limit is 100 how can possible,NO_NODES_DETECTED,NEW_TEAM_PATTERN,0.7387794852256775
My money not recived,CHAT_WITH_AN_AGENT,REFUND_OF_ADDED_CASH,0.21852289140224457
Sir for how long I have to wait to clear this multiple accounts issue,NO_NODES_DETECTED,ACCOUNT_NOT_VERIFIED,0.8019753694534302
App is not working,NO_NODES_DETECTED,CHAT_WITH_AN_AGENT,0.9563963413238525
Worst app,CRITICISM,CRITICISM,0.9670395255088806
This app always not properly working  when join any contest  then its app unfortunately has stopped,NO_NODES_DETECTED,CANNOT_SEE_JOINED_CONTESTS,0.7561509013175964
Why did u take more time for announce winners,NO_NODES_DETECTED,WHEN_WINNINGS_DISTRIBUTED,0.5202929973602295
Kyon join Nahin ho raha hai hamara,NO_NODES_DETECTED,JOIN_CONTEST,0.37402352690696716
my random code missing,NO_NODES_DETECTED,CHAT_WITH_AN_AGENT,0.9669163823127747
23 April Ka payment Nahi Aaya,NO_NODES_DETECTED,CHAT_WITH_AN_AGENT,0.27237674593925476
How to do logout,NO_NODES_DETECTED,THANKS,0.20566649734973907
Sir mujhe pese chachiye,NO_NODES_DETECTED,THANKS,0.42059072852134705
Sab kuch ok hai,NO_NODES_DETECTED,THANKS,0.6385992169380188
Customer care executive,CONTACT_NUMBER,CONTACT_NUMBER,0.527431070804596
Will lineup out for Taipei premier League?,NO_NODES_DETECTED,WHEN_WINNINGS_DISTRIBUTED,0.14938920736312866
Un support PowerPlay11,NO_NODES_DETECTED,CANNOT_SEE_JOINED_CONTESTS,0.18784300982952118
PowerPlay11 rummy is freeze,NO_NODES_DETECTED,CHAT_WITH_AN_AGENT,0.1513708233833313
Sir all is updatef,NO_NODES_DETECTED,CHANGE_PROFILE_TEAM_DETAILS,0.5736454725265503
Hamata withdrawal kab take melga,NO_NODES_DETECTED,WITHDRAWAL_TIME,0.7601811289787292
Editing option not working,NO_NODES_DETECTED,CHAT_WITH_AN_AGENT,0.7911209464073181
Why i m not able to join contest,NO_NODES_DETECTED,JOIN_CONTEST,0.9927072525024414
"When I click on join now then application stoped.
Please check your side",NO_NODES_DETECTED,CANNOT_SEE_JOINED_CONTESTS,0.11070392280817032
Team 1 see jadaa create nahi ho rahahai,NO_NODES_DETECTED,FAKE_TEAMS,0.38023868203163147
Join contest bt feld report bug,NO_NODES_DETECTED,JOIN_CONTEST,0.9761850237846375
I think your app is hanging in between,NO_NODES_DETECTED,UPDATE_APP,0.16407975554466248
Please update my new mail di,CHANGE_PROFILE_TEAM_DETAILS,VERIFY_EMAIL,0.41134899854660034
Plz check i want to join contest,NO_NODES_DETECTED,JOIN_CONTEST,0.9952420592308044
When football game will finish,NO_NODES_DETECTED,TEAM_DEADLINE,0.39878514409065247
Version new,NO_NODES_DETECTED,DOWNLOAD_POWERPLAY11,0.27231162786483765
Asking to send a bug report,NO_NODES_DETECTED,CHAT_WITH_AN_AGENT,0.4453050494194031
I could not join any contest from now.please help.,CHAT_WITH_AN_AGENT,JOIN_CONTEST,0.6311171650886536
Sir baseball Kya h,NO_NODES_DETECTED,FAKE_TEAMS,0.5242899060249329
Contest no,NO_NODES_DETECTED,CANNOT_SEE_JOINED_CONTESTS,0.9863176941871643
Unfortunately not support,NO_NODES_DETECTED,CHAT_WITH_AN_AGENT,0.22092889249324799
I m try but not jioned,NO_NODES_DETECTED,CHAT_WITH_AN_AGENT,0.722745954990387
Can you check please,NO_NODES_DETECTED,CHECK_DEPOSIT_STATUS,0.15384118258953094
Dear sir plz  my contest nahe hota  Aaha,NO_NODES_DETECTED,GREETINGS_DAY,0.24376735091209412
I want to talk a agent,CHAT_WITH_AN_AGENT,CHAT_WITH_AN_AGENT,0.9970337152481079
PowerPlay11 rummy issue,CHAT_WITH_AN_AGENT,WHEN_WINNINGS_DISTRIBUTED,0.10678671300411224
Unfortunately PowerPlay11 stopped,NO_NODES_DETECTED,CHAT_WITH_AN_AGENT,0.483686238527298
How to install PowerPlay11 rummy,DOWNLOAD_POWERPLAY11,DOWNLOAD_POWERPLAY11,0.6284112334251404
Sir tell,NO_NODES_DETECTED,GREETINGS_DAY,0.36560675501823425
Yes or no,NO_NODES_DETECTED,CHAT_WITH_AN_AGENT,0.5335375666618347
üòÇüòÇüòÇüòÇ,NO_NODES_DETECTED,FAKE_TEAMS,0.38596606254577637
2 public contests,NO_NODES_DETECTED,TYPES_CONTESTS,0.985863447189331
Not join contest,NO_NODES_DETECTED,JOIN_CONTEST,0.9908647537231445
Mail verification,VERIFY_EMAIL,VERIFY_EMAIL,0.9623975157737732
Not open game not Create my team wye,NO_NODES_DETECTED,FAKE_TEAMS,0.5285032987594604
No contest  silect,NO_NODES_DETECTED,CANNOT_SEE_JOINED_CONTESTS,0.9779106378555298
Listn,NO_NODES_DETECTED,THANKS,0.14161475002765656
Sir I will be satisfied once I got this issue cleared.,NO_NODES_DETECTED,CHAT_WITH_AN_AGENT,0.3299390375614166
Please check my PowerPlay11 app,NO_NODES_DETECTED,UPDATE_APP,0.726801872253418
Any contest,TYPES_CONTESTS,CANNOT_SEE_JOINED_CONTESTS,0.45003798604011536
Sir Rummy game not working,NO_NODES_DETECTED,CHAT_WITH_AN_AGENT,0.9456218481063843
‡§ü‡•Ä‡§Æ ‡§ú‡•ç‡§µ‡§æ‡§à‡§® ‡§®‡§π‡•Ä ‡§π‡•ã ‡§∞‡§π‡§æ,NO_NODES_DETECTED,THANKS,0.24278190732002258
contest not join ed,NO_NODES_DETECTED,JOIN_CONTEST,0.9694375395774841
"Every thing is okey as you shows these option but leage is not joined by me it shows the massage that, unfortunately PowerPlay11 has stopped",NO_NODES_DETECTED,CHAT_WITH_AN_AGENT,0.8488200902938843
Sir main problem is i cannot create more than 1 team and cannot join the leagues contest,NO_NODES_DETECTED,CANNOT_SEE_JOINED_CONTESTS,0.935256838798523
Team creat nhi ho rha hair?,NO_NODES_DETECTED,FAKE_TEAMS,0.8560042977333069
Why not join contest my team,NO_NODES_DETECTED,JOIN_CONTEST,0.9884420037269592
Not working properly PowerPlay11 contests shown PowerPlay11 stop when contest any one,NO_NODES_DETECTED,CANNOT_SEE_JOINED_CONTESTS,0.9369762539863586
Yesterday football match winnings still not credited,WHEN_WINNINGS_DISTRIBUTED,WHEN_WINNINGS_DISTRIBUTED,0.8628550171852112
How can do the update this aap,UPDATE_APP,UPDATE_APP,0.9266944527626038
I can create a team  but contest not join by my team,NO_NODES_DETECTED,CANNOT_SEE_JOINED_CONTESTS,0.48379212617874146
Its app not supported,NO_NODES_DETECTED,FAKE_TEAMS,0.24087762832641602
When can I withdraw ?,NO_NODES_DETECTED,WITHDRAWAL_TIME,0.7167403101921082
You can't help me,NO_NODES_DETECTED,CAPABILITIES,0.4762323498725891
I can't use my initialised amout,NO_NODES_DETECTED,CHAT_WITH_AN_AGENT,0.8861680626869202
Iam requested on 19th april,NO_NODES_DETECTED,WITHDRAWAL_TIME,0.5098798274993896
Baseball,NO_NODES_DETECTED,FAKE_TEAMS,0.6040962934494019
Never to win,NO_NODES_DETECTED,CHAT_WITH_AN_AGENT,0.4653945565223694
sir mera fantasy legue me kaise samil nahi ho pa rahe hai,NO_NODES_DETECTED,THANKS,0.45349565148353577
I want start playing again my PowerPlay11,NO_NODES_DETECTED,HOW_TO_PLAY,0.6901615262031555
Sorry bro you did not understand me,NO_NODES_DETECTED,CHAT_WITH_AN_AGENT,0.42977094650268555
"sir mera kisi contast me samil nahi  
ho pa rahe hai kya karan hai",NO_NODES_DETECTED,THANKS,0.416864812374115
Todays match is fixed,NO_NODES_DETECTED,MATCH_ABANDONED,0.864579439163208
Actually yesterday it all happened,NO_NODES_DETECTED,CHAT_WITH_AN_AGENT,0.21699258685112
unfortunately stopped likh raha hai,NO_NODES_DETECTED,CHAT_WITH_AN_AGENT,0.8252841234207153
I can't join contest properly,NO_NODES_DETECTED,JOIN_CONTEST,0.9772962927818298
Quiz not open,NO_NODES_DETECTED,CANNOT_SEE_JOINED_CONTESTS,0.5857037305831909
Its not woking,NO_NODES_DETECTED,CHAT_WITH_AN_AGENT,0.9215744733810425
Basket ball,NO_NODES_DETECTED,TEAM_DEADLINE,0.2964130640029907
Unfortunately league not join,NO_NODES_DETECTED,CANNOT_SEE_JOINED_CONTESTS,0.9949848651885986
Sir i have a win a contest and money will be come,WHEN_WINNINGS_DISTRIBUTED,JOIN_CONTEST,0.3533652126789093
Any1 here,PRESENCE,CHAT_WITH_AN_AGENT,0.2295878827571869
Not supported by app,NO_NODES_DETECTED,FAKE_TEAMS,0.3810120224952698
Sir mera contast join nahi ho raha hai,NO_NODES_DETECTED,GREETINGS_DAY,0.5037550330162048
Google,NO_NODES_DETECTED,FAKE_TEAMS,0.461569219827652
But join nhi Ho rha plz help,NO_NODES_DETECTED,CANNOT_SEE_JOINED_CONTESTS,0.8717706203460693
While joining it show stopped,NO_NODES_DETECTED,CANNOT_SEE_JOINED_CONTESTS,0.9732137322425842
Kindly include all matches per day of Taipei T10 league...it's only showing one instead of three matches in 25th,NO_NODES_DETECTED,CANNOT_SEE_JOINED_CONTESTS,0.43646058440208435
Your app is every time stop,NO_NODES_DETECTED,CHAT_WITH_AN_AGENT,0.3877713084220886
Mubrak naik,NO_NODES_DETECTED,THANKS,0.4593196511268616
I am unable to join contest?,NO_NODES_DETECTED,JOIN_CONTEST,0.9932830333709717
No working this aap,NO_NODES_DETECTED,CHAT_WITH_AN_AGENT,0.9844372868537903
Verification is all correct,NO_NODES_DETECTED,ACCOUNT_NOT_VERIFIED,0.515126645565033
but I can't verify my Pan with any other account,VERIFY_PAN,VERIFY_PAN,0.9895049333572388
but message soon your pan card already verified,NO_NODES_DETECTED,VERIFY_PAN,0.9716923236846924
"Sir, I can't do this",NO_NODES_DETECTED,CHAT_WITH_AN_AGENT,0.8402121067047119
"Sir,  thanks",THANKS,THANKS,0.9925416111946106
Why the resut this much delay..,NO_NODES_DETECTED,CHAT_WITH_AN_AGENT,0.297623872756958
Rummy game deleted karo,NO_NODES_DETECTED,CANNOT_SEE_JOINED_CONTESTS,0.4134517312049866
I need some help,CAPABILITIES,CAPABILITIES,0.9946669936180115
Deactivate my profile,NO_NODES_DETECTED,CHAT_WITH_AN_AGENT,0.43344950675964355
I want to deactivate my account,NO_NODES_DETECTED,ACCOUNT_RESET,0.3838235139846802
My money got debited,ACCOUNT_BALANCE_DEDUCTED,DEDUCTED_AMOUNT_NOT_RECEIVED,0.7315033078193665
After adding amount  ‚Çπ 1000. I didn't get 50%off.,NO_NODES_DETECTED,CHAT_WITH_AN_AGENT,0.41789036989212036
Withdrawal declan,NO_NODES_DETECTED,WITHDRAWAL_STATUS,0.4914313554763794
Why amount deducted from my account for reason tapping please answer,ACCOUNT_BALANCE_DEDUCTED,DEDUCTED_AMOUNT_NOT_RECEIVED,0.7542290687561035
why diclaned,NO_NODES_DETECTED,UNUTILIZED_MONEY,0.29447901248931885
why declaned,NO_NODES_DETECTED,FAKE_TEAMS,0.27658209204673767
Ham quiz me abhi mony jita par wallet me nahi aya,NO_NODES_DETECTED,CHECK_WALLET_BALANCE,0.14033588767051697
My quiz mein 7 rupaye cut gaye but game play nahi hua,NO_NODES_DETECTED,CANNOT_SEE_JOINED_CONTESTS,0.2837977111339569
But introduction history I am looking for closing balance is 212 rupees,NO_NODES_DETECTED,CHECK_WALLET_BALANCE,0.42423221468925476
Total deposited when I started to till date,NO_NODES_DETECTED,CHECK_DEPOSIT_STATUS,0.9731928110122681
Mera total winning kitna?,NO_NODES_DETECTED,WINNINGS,0.7689827680587769
Cash bonus validity?,CASH_BONUS_EXPIRY,CASH_BONUS,0.7846010327339172
But this is wrong,NO_NODES_DETECTED,CHAT_WITH_AN_AGENT,0.9844805002212524
I want to talk to executive,CHAT_WITH_AN_AGENT,CHAT_WITH_AN_AGENT,0.9549335837364197
How can i check my total earning till now,NO_NODES_DETECTED,WHEN_WINNINGS_DISTRIBUTED,0.32202985882759094
Plz tell my total loss or profit,NO_NODES_DETECTED,WINNINGS,0.3618842661380768
Total loss profit kitna hua he,NO_NODES_DETECTED,WINNINGS,0.44395026564598083
Withdrawal mon,NO_NODES_DETECTED,WITHDRAWAL_TIME,0.6456928849220276
Iam playing rummy more amount price catch why,NO_NODES_DETECTED,WINNINGS,0.18907888233661652
My total profit,NO_NODES_DETECTED,WINNINGS,0.9666494727134705
Sir mujhe itna bataiye ki maine total add kitna kya hai or kitna withdraw kya hai,NO_NODES_DETECTED,WITHDRAWAL_INTRO,0.5730235576629639
I am carrying these all offers,NO_NODES_DETECTED,OFFERS_AND_REFERRALS,0.9920409917831421
"‡§π‡•á‡§≤‡•ç‡§≤‡•ã ‡§∏‡§∞ ‡§Æ‡•Å‡§ù‡•á ‡§Æ‡§Ø‡§ü‡•Ä‡§Æ ‡•ß‡•ß ‡§ï‡•á ‡§Ö‡§ï‡§æ‡§â‡§Ç‡§ü ‡§ï‡•Ä ‡§™‡•Ç‡§∞‡•Ä ‡§ú‡§æ‡§®‡§ï‡§æ‡§∞‡•Ä ‡§ö‡§æ‡§π‡§ø‡§è, ‡§ï‡§ø‡§§‡§®‡§æ ‡§°‡§ø‡§™‡•ã‡§ú‡§ø‡§ü ‡§π‡•Å‡§Ü ‡§ï‡§ø‡§§‡§®‡§æ ‡§®‡§ø‡§∑‡•ç‡§ï‡§æ‡§∏‡§ø‡§§ ‡§π‡•Å‡§Ü ‡§π‡•à,‡§ï‡•ç‡§Ø‡•Å‡§ï‡•Ä ‡§Æ‡•Å‡§ù‡•á ‡§Ö‡§¨ PowerPlay11 ‡§∏‡•á ‡§ú‡•Å‡§°‡§º‡•á ‡§∞‡§π‡§®‡§æ ‡§π‡•à ‡§ú‡§ø‡§∏‡§ï‡•á ‡§≤‡§ø‡§è ,, 
‡§π‡§Æ ‡§™‡§π‡§≤‡•á ‡§µ‡§ø‡§∏‡•ç‡§§‡§æ‡§∞ ‡§∏‡•á ‡§Ö‡§™‡§®‡•á ‡§°‡§ø‡§™‡•ã‡§ú‡§ø‡§ü ‡§ì‡§∞ ‡§®‡§ø‡§∑‡•ç‡§ï‡§æ‡§∏‡§ø‡§§ ‡§ï‡§æ ‡§ú‡•Ä‡§§ ‡§§‡§æ ‡§π‡§æ‡§∞ ‡§ï‡•Ä ‡§µ‡§ø‡§µ‡§∞‡§£ ‡§ú‡§æ‡§®‡§®‡§æ ‡§π‡•à ,",NO_NODES_DETECTED,CANNOT_SEE_JOINED_CONTESTS,0.37656450271606445
I want to delete my PowerPlay11 account,NO_NODES_DETECTED,ACCOUNT_RESET,0.8607587814331055
No email receive,NO_EMAIL_CONFIRMATION,NO_EMAIL_CONFIRMATION,0.8708046674728394
211 depisit,NO_NODES_DETECTED,CHAT_WITH_AN_AGENT,0.6468666791915894
Not credited,NO_NODES_DETECTED,WHEN_WINNINGS_DISTRIBUTED,0.853686511516571
Total profit and loss,NO_NODES_DETECTED,WINNINGS,0.6178016066551208
Maine total amount kitna add kiya hai,NO_NODES_DETECTED,THANKS,0.3554155230522156
As deadline was showing still 4 min but when i chose cap nd vc then it shows time off,NO_NODES_DETECTED,CHAT_WITH_AN_AGENT,0.49953052401542664
Can u tell me my total deposit mony,CHECK_DEPOSIT_STATUS,CHECK_DEPOSIT_STATUS,0.9902941584587097
Sir mera pan card kisi aur id me submit hain plzz mujhe ye id change karni hain,NO_NODES_DETECTED,VERIFY_PAN,0.3251955211162567
Sir india m cricket match ho raha hai,NO_NODES_DETECTED,CANNOT_SEE_JOINED_CONTESTS,0.4407103657722473
Maine ek quiz khela magar,NO_NODES_DETECTED,CANNOT_SEE_JOINED_CONTESTS,0.20686115324497223
Not update oponat team and c and vc baseball,NO_NODES_DETECTED,CHANGE_PROFILE_TEAM_DETAILS,0.6241679191589355
Oponat team captain vice captain not update and problem with comparison,NO_NODES_DETECTED,CHANGE_PROFILE_TEAM_DETAILS,0.9068209528923035
"Mere win kiye hue
Paise mere account me nahi ja rahe hai
Please help me",NO_NODES_DETECTED,THANKS,0.3586980700492859
Hindi me bataye,NO_NODES_DETECTED,THANKS,0.327407568693161
"Sab kuch verification kar liya tha
Phir bhi paise wapas ho gaye why‚ùì sir please help me",NO_NODES_DETECTED,THANKS,0.24312657117843628
You call me,CONTACT_NUMBER,CONTACT_NUMBER,0.9778323173522949
Sir ap online ha,NO_NODES_DETECTED,GREETINGS_DAY,0.41943371295928955
No verify pan card,VERIFY_PAN,VERIFY_PAN,0.9953265190124512
Give cash bonus on depositing money to my account,NO_NODES_DETECTED,CHECK_DEPOSIT_STATUS,0.8877803087234497
I want my total earnings,NO_NODES_DETECTED,WINNINGS,0.5374512076377869
PowerPlay11 paytm withdraw,INSTANT_WITHDRAWAL,WITHDRAWAL_INTRO,0.7312539219856262
What is promo code,NO_NODES_DETECTED,TYPES_BONUS,0.11063922196626663
Sir mera pan card kisi or I'd mein lg gya or m uss I'd ka password or mail dono bhool chuka hoo sim bhi gum ho gyi pls help,NO_NODES_DETECTED,CANNOT_SEE_JOINED_CONTESTS,0.18954503536224365
240 got debited my account,NO_NODES_DETECTED,DEDUCTED_AMOUNT_NOT_RECEIVED,0.5054195523262024
I didnt join the contest,NO_NODES_DETECTED,JOIN_CONTEST,0.9836490154266357
I didnt join,NO_NODES_DETECTED,CANNOT_SEE_JOINED_CONTESTS,0.7898457646369934
I don't get one contest amount,CHAT_WITH_AN_AGENT,CANNOT_SEE_JOINED_CONTESTS,0.965921938419342
I want my full transaction details?,CHECK_DEPOSIT_STATUS,CHECK_DEPOSIT_STATUS,0.9924781918525696
Pan card verify kar do,NO_NODES_DETECTED,VERIFY_PAN,0.9952600598335266
Need helpline number,CONTACT_NUMBER,CONTACT_NUMBER,0.9927006363868713
Withdrawals limit par day,WITHDRAWAL_INTRO,WITHDRAWAL_INTRO,0.9736876487731934
I want to talk about something else,CHAT_WITH_AN_AGENT,CAPABILITIES,0.7487293481826782
May i know my total investment,NO_NODES_DETECTED,WINNINGS,0.6645705699920654
Is PowerPlay11 real,NO_NODES_DETECTED,FAKE_TEAMS,0.5998438000679016
I think it is fake,FAKE_TEAMS,FAKE_TEAMS,0.9776216149330139
How to edit my email,CHANGE_PROFILE_TEAM_DETAILS,VERIFY_EMAIL,0.955195426940918
My full deposit till now,CHECK_DEPOSIT_STATUS,CHECK_DEPOSIT_STATUS,0.9921005964279175
My total transaction till date,CHECK_DEPOSIT_STATUS,CHECK_DEPOSIT_STATUS,0.9820536375045776
Kya aap bata sakte hai ab tak mujhe is app se Kitna profit ya loss hua hai,NO_NODES_DETECTED,THANKS,0.3909613788127899
My withdrawn money refunded,WITHDRAWAL_STATUS,WITHDRAWAL_STATUS,0.32683899998664856
Okk,NO_NODES_DETECTED,THANKS,0.8759884238243103
Same to you,NO_NODES_DETECTED,THANKS,0.7919225692749023
What is the minimum amount to withdraw,WITHDRAWAL_INTRO,WITHDRAWAL_INTRO,0.9964557886123657
Just sut up,NO_NODES_DETECTED,THANKS,0.5731024742126465
Apna no,NO_NODES_DETECTED,CHAT_WITH_AN_AGENT,0.8607739806175232
Amazon,NO_NODES_DETECTED,DOWNLOAD_POWERPLAY11,0.2759680151939392
No sir other problem,NO_NODES_DETECTED,CHAT_WITH_AN_AGENT,0.9656175374984741
I want to delete my PowerPlay11 account permanently ..,NO_NODES_DETECTED,ACCOUNT_RESET,0.7762414813041687
"Mujhe meri PowerPlay11 ki statement dekhni hai ?
Deposit and withdrawal ki ?",NO_NODES_DETECTED,CHECK_DEPOSIT_STATUS,0.5704360604286194
My mobile number is 9999999999,VERIFY_MOBILE,CHANGE_MOBILE_NUMBER,0.7252111434936523
Match is end but winning case nhi mila,NO_NODES_DETECTED,MATCH_ABANDONED,0.8413704037666321
Discount entry,NO_NODES_DETECTED,OFFERS_AND_REFERRALS,0.7836670279502869
I want my lifetime record,NO_NODES_DETECTED,WINNINGS,0.23802337050437927
Total deposit till date,CHECK_DEPOSIT_STATUS,CHECK_DEPOSIT_STATUS,0.9929382801055908
My winning amounts has been debited by yours system,NO_NODES_DETECTED,DEDUCTED_AMOUNT_NOT_RECEIVED,0.8079019784927368
Kya quiz me hindi me question aate hai,NO_NODES_DETECTED,CANNOT_SEE_JOINED_CONTESTS,0.12683981657028198
I want to know transaction history,CHECK_DEPOSIT_STATUS,CHECK_DEPOSIT_STATUS,0.9950076341629028
My winning amounts has been hacked,NO_NODES_DETECTED,CHAT_WITH_AN_AGENT,0.5588719844818115
Sir mera ek problem ha,NO_NODES_DETECTED,CHAT_WITH_AN_AGENT,0.24947121739387512
I need to withdraw cash to paytm account,INSTANT_WITHDRAWAL,WITHDRAWAL_STATUS,0.37732964754104614
Mujhe full transaction details dijiye,NO_NODES_DETECTED,CHECK_DEPOSIT_STATUS,0.9882158041000366
My account got suspended,NO_NODES_DETECTED,ACCOUNT_NOT_VERIFIED,0.27488765120506287
Gudnt,GREETINGS_DAY,THANKS,0.9822185039520264
I want my total transaction of deposits,CHECK_DEPOSIT_STATUS,CHECK_DEPOSIT_STATUS,0.9898730516433716
I want to know that how much I have been deposited till now,CHECK_DEPOSIT_STATUS,CHECK_DEPOSIT_STATUS,0.9922652244567871
T10 League,NO_NODES_DETECTED,CANNOT_SEE_JOINED_CONTESTS,0.9082815051078796
Itna let se result kyu deta h football match,NO_NODES_DETECTED,CANNOT_SEE_JOINED_CONTESTS,0.8401319980621338
Sir abandoned bata raha hai kyo,NO_NODES_DETECTED,CANNOT_SEE_JOINED_CONTESTS,0.29377636313438416
"Isloch vs   belshina 

Belarus league",NO_NODES_DETECTED,CANNOT_SEE_JOINED_CONTESTS,0.7915801405906677
Update it asap,NO_NODES_DETECTED,CHANGE_PROFILE_TEAM_DETAILS,0.5287805795669556
Aisq kyo,NO_NODES_DETECTED,THANKS,0.9461594820022583
Please update the current score on live baseball game between ul and fb,WHEN_SCORES_UPDATED,TEAM_DEADLINE,0.1735643893480301
I accidentally put 1000 rupees in PowerPlay11 which I have to back again.,NO_NODES_DETECTED,CHAT_WITH_AN_AGENT,0.418683797121048
Reset status,NO_NODES_DETECTED,ACCOUNT_RESET,0.9779545068740845
Contest save nahi ho raha he,NO_NODES_DETECTED,JOIN_CONTEST,0.6391506195068359
Date of birth which we have updated is wrong. now we are not able to change it. can you please help how to change it.,NO_NODES_DETECTED,CHANGE_PROFILE_TEAM_DETAILS,0.3960593044757843
Am not getting the update on current baseball game yet,NO_NODES_DETECTED,CHAT_WITH_AN_AGENT,0.8416452407836914
Sir my id has blocked,NO_NODES_DETECTED,CHAT_WITH_AN_AGENT,0.9646142721176147
Player point is not correct,POINTS_NOT_UPDATED,POINTS_NOT_UPDATED,0.8398084044456482
My withdrawal request pending with you from last 2 days,NO_NODES_DETECTED,WITHDRAWAL_TIME,0.5341994762420654
Aaj k match ka kya hua,NO_NODES_DETECTED,THANKS,0.3019811809062958
"In PowerPlay11 ,it shows A yanukevich shot a goal ..but it's a own goal by belshina team wkt keeper",NO_NODES_DETECTED,CHAT_WITH_AN_AGENT,0.2491457164287567
There is froud here,FAKE_TEAMS,CHAT_WITH_AN_AGENT,0.2956259250640869
"I have no money to participate
Please give me sign up bonus",SIGNUP_BONUS,TYPES_BONUS,0.8096042275428772
I did it,NO_NODES_DETECTED,APPRECIATION,0.9278520345687866
update women basketball match points,WHEN_SCORES_UPDATED,POINTS_NOT_UPDATED,0.9958581924438477
Sir please i want free join,NO_NODES_DETECTED,CANNOT_SEE_JOINED_CONTESTS,0.6602426767349243
chat with customer service agent,CHAT_WITH_AN_AGENT,CHAT_WITH_AN_AGENT,0.9784069061279297
I have no money current time,NO_NODES_DETECTED,CHAT_WITH_AN_AGENT,0.5959795117378235
Now I am uninstalled,NO_NODES_DETECTED,UNUTILIZED_MONEY,0.5057066679000854
Free contest only one,NO_NODES_DETECTED,CANNOT_SEE_JOINED_CONTESTS,0.6430142521858215
My live match  point's no updated,POINTS_NOT_UPDATED,POINTS_NOT_UPDATED,0.9886739253997803
Very bad PowerPlay11 fantasy app because football game play in cheated,NO_NODES_DETECTED,FAKE_TEAMS,0.8869780898094177
Other people team dene content team points updated,NO_NODES_DETECTED,POINTS_NOT_UPDATED,0.9948880672454834
I think their is a error by the team as in Taipei T10 league(TDGvsHST) we can see the wicket of athula senadeera is taken by runout by (v rebel and p mandal) but I checked their points and they are not awarded any points for that .,NO_NODES_DETECTED,CHAT_WITH_AN_AGENT,0.5856325030326843
Football match,NO_NODES_DETECTED,CANNOT_SEE_JOINED_CONTESTS,0.4080289602279663
Why you make delay to calculate winnerüèÜüéâüèÜ,NO_NODES_DETECTED,ACCOUNT_BALANCE_DEDUCTED,0.29574036598205566
Plz reset my account,ACCOUNT_RESET,ACCOUNT_RESET,0.9938733577728271
Sir my wallet rummy se hua hai,NO_NODES_DETECTED,CHECK_WALLET_BALANCE,0.9727863669395447
Rumny,CHAT_WITH_AN_AGENT,THANKS,0.7969441413879395
Sir ye match banned ho gya hai magar balance vapis nahe aaya,NO_NODES_DETECTED,MATCH_ABANDONED,0.5049455165863037
dummy@gmail.com,NO_NODES_DETECTED,FAKE_TEAMS,0.8534366488456726
I need to transfer cash bonus,WITHDRAW_CASH_BONUS,WITHDRAWAL_TIME,0.649381697177887
tie,NO_NODES_DETECTED,WHAT_IF_THERES_A_TIE,0.9937700629234314
5 teams joined,NO_NODES_DETECTED,CANNOT_SEE_JOINED_CONTESTS,0.9730716943740845
"Last football match my team and opponent team same ..My rank is 1 and opponent also rank 1.... Total Price is 5000.. Please call me
..But refund is not",NO_NODES_DETECTED,FAKE_TEAMS,0.21707464754581451
My wining Blanc e,CHECK_WALLET_BALANCE,CANNOT_SEE_JOINED_CONTESTS,0.5950762033462524
Hamen sirf 198 kahan per batao,NO_NODES_DETECTED,THANKS,0.22764995694160461
What is lowest amount which we can reedem,NO_NODES_DETECTED,WHEN_WINNINGS_DISTRIBUTED,0.3737817704677582
My account balance got deducted,ACCOUNT_BALANCE_DEDUCTED,ACCOUNT_BALANCE_DEDUCTED,0.9960671663284302
Plz update correct points of basketball,NO_NODES_DETECTED,POINTS_NOT_UPDATED,0.9897795915603638
Point problemüôèüôèüôè,NO_NODES_DETECTED,CHAT_WITH_AN_AGENT,0.29576772451400757
Dyb vs din score not opening in live contest section,NO_NODES_DETECTED,CANNOT_SEE_JOINED_CONTESTS,0.7322462797164917
"Tp-w vs ty-w basketball match;
Wrong points updated, please check",NO_NODES_DETECTED,POINTS_NOT_UPDATED,0.9852159023284912
"Tp-w vs ty-w basketball match;
Wrong points updated",NO_NODES_DETECTED,POINTS_NOT_UPDATED,0.9871928691864014
tp-w vs ty-w basketball match: tp-w player s rou points are not updated correctly please fix,NO_NODES_DETECTED,POINTS_NOT_UPDATED,0.9632859230041504
email id,NO_NODES_DETECTED,VERIFY_EMAIL,0.9930623769760132
Rummy go to lobby and active table where are,NO_NODES_DETECTED,CHAT_WITH_AN_AGENT,0.25336652994155884
What about rummy,CHAT_WITH_AN_AGENT,UNUTILIZED_MONEY,0.1835467666387558
paytm,NO_NODES_DETECTED,WINNINGS,0.33186838030815125
Muzamil QURESHI,NO_NODES_DETECTED,THANKS,0.21861669421195984
Match abounded but money not refund,NO_NODES_DETECTED,MATCH_ABANDONED,0.9801598787307739
Why not add,NO_NODES_DETECTED,WHY_VERIFY,0.8142668008804321
My friends account was Temparily suspended please help,NO_NODES_DETECTED,DEDUCTED_AMOUNT_NOT_RECEIVED,0.34978020191192627
Ajj ke match me mere team ke captain ne 1 wicket liya hai use abhi points add nahi huye hai,NO_NODES_DETECTED,POINTS_NOT_UPDATED,0.4252736568450928
MadhAchod salo ullu bnate ho,NO_NODES_DETECTED,THANKS,0.34898900985717773
Need an agent,CHAT_WITH_AN_AGENT,CHAT_WITH_AN_AGENT,0.9970299005508423
Is it a fair game,NO_NODES_DETECTED,FAIRPLAY_VIOLATIONS,0.9723156690597534
It was a contest,NO_NODES_DETECTED,JOIN_CONTEST,0.8374043107032776
Please send your mail id,NO_NODES_DETECTED,VERIFY_EMAIL,0.6883128881454468
What nonsense replys,NO_NODES_DETECTED,CANNOT_SEE_JOINED_CONTESTS,0.3162611722946167
Slow internet of mine or yours,NO_NODES_DETECTED,FAKE_TEAMS,0.1315975934267044
Yours or mine,NO_NODES_DETECTED,FAIRPLAY_VIOLATIONS,0.1263226866722107
Prove the slow internet to me,NO_NODES_DETECTED,VERIFY_PAN,0.24006277322769165
With my question i said,NO_NODES_DETECTED,WHY_VERIFY,0.21258491277694702
And dont reply to my last msg,NO_NODES_DETECTED,CHAT_WITH_AN_AGENT,0.9578613638877869
Again and again the same reply,NO_NODES_DETECTED,CONTACT_NUMBER,0.223359614610672
Yoy pls review the chat,NO_NODES_DETECTED,THANKS,0.1833094209432602
"Sir, rs 200 deposit in PowerPlay11, but not show correct balance",CHAT_WITH_AN_AGENT,CHECK_DEPOSIT_STATUS,0.5193877220153809
Sir I want to talk to an agent,CHAT_WITH_AN_AGENT,CHAT_WITH_AN_AGENT,0.997170627117157
Sir help me,CAPABILITIES,CAPABILITIES,0.9825773239135742
‡§Æ‡•á‡§∞‡•á ‡§Ö‡§ï‡§æ‡§â‡§Ç‡§ü ‡§Æ‡•á ‡§™‡•à‡§∏‡•á ‡§®‡§π‡•Ä ‡§ú‡§Æ‡§æ ‡§π‡•Å‡§è,NO_NODES_DETECTED,CANNOT_SEE_JOINED_CONTESTS,0.2748745381832123
This is froud app,FAKE_TEAMS,THANKS,0.44643911719322205
Haw can we verify my account,ACCOUNT_NOT_VERIFIED,ACCOUNT_NOT_VERIFIED,0.9877051711082458
Please do your service fast.,NO_NODES_DETECTED,APPRECIATION,0.9728309512138367
Sir my point Sahi sa chak kara hamra sath farod hu ha,NO_NODES_DETECTED,THANKS,0.4211428165435791
My withdraw 24 hours,NO_NODES_DETECTED,WITHDRAWAL_TIME,0.5382770299911499
Link not send my gamil,NO_NODES_DETECTED,CHAT_WITH_AN_AGENT,0.8971656560897827
I have won contest but money not deposited in my wallet,CHAT_WITH_AN_AGENT,CHECK_WALLET_BALANCE,0.3215278089046478
Update let,NO_NODES_DETECTED,CHANGE_PROFILE_TEAM_DETAILS,0.9115403294563293
Koi hai,NO_NODES_DETECTED,THANKS,0.480672687292099
Email ID change,CHANGE_PROFILE_TEAM_DETAILS,VERIFY_EMAIL,0.9472646117210388
it is not credited in my bank account,CHAT_WITH_AN_AGENT,DEDUCTED_AMOUNT_NOT_RECEIVED,0.5420809388160706
Wrong point update in current football match going on,NO_NODES_DETECTED,POINTS_NOT_UPDATED,0.8582959771156311
My withdrawal status,WITHDRAWAL_STATUS,WITHDRAWAL_STATUS,0.99659264087677
Email edit nahi ho raha hai,NO_NODES_DETECTED,VERIFY_EMAIL,0.951962947845459
Football match EBM vs DYB   has not completed now.,NO_NODES_DETECTED,CANNOT_SEE_JOINED_CONTESTS,0.9363996386528015
Mera weaning amount wrong dikha raha hai,NO_NODES_DETECTED,CHAT_WITH_AN_AGENT,0.5672335624694824
Shesh balence use kyun na ho raha,NO_NODES_DETECTED,THANKS,0.8602479696273804
Match point,NO_NODES_DETECTED,POINTS_NOT_UPDATED,0.9948140382766724
Can we change pan card,DELETE_PAN_CARD,DELETE_PAN_CARD,0.9908279180526733
Sir aj tak kitna amount add kiya h mene or kitna withdrawal kiya h. Please tell me,NO_NODES_DETECTED,WITHDRAWAL_TIME,0.6270471811294556
Hamara 3rupees kat gaya hai,NO_NODES_DETECTED,THANKS,0.5292242765426636
I fill up the contest of Rs 35 but after match start it's showing there is no contest filled,NO_NODES_DETECTED,CANNOT_SEE_JOINED_CONTESTS,0.980577826499939
Bad feedback,FEEDBACK,FEEDBACK,0.7653199434280396
my balance is deducted more than to entry please refund my balance,ACCOUNT_BALANCE_DEDUCTED,DEDUCTED_AMOUNT_NOT_RECEIVED,0.5319787859916687
Call me 9876543210,CONTACT_NUMBER,CONTACT_NUMBER,0.9417960047721863
Today match points not updated,POINTS_NOT_UPDATED,POINTS_NOT_UPDATED,0.9965042471885681
Result nhi aaya abhi,NO_NODES_DETECTED,THANKS,0.20502877235412598
Kal ka winning amount abhi tak bheja nahi h,NO_NODES_DETECTED,WINNINGS,0.8418081998825073
Tita huwa maich ka kais nhi mila hai,NO_NODES_DETECTED,THANKS,0.6052663922309875
when i will get my 3000 rs withdrawal,NO_NODES_DETECTED,WITHDRAWAL_TIME,0.9283455014228821
Hello is anyone there???,PRESENCE,GREETINGS_DAY,0.5770641565322876
You speak Hindi,NO_NODES_DETECTED,CANNOT_SEE_JOINED_CONTESTS,0.18774737417697906
NBA point,NO_NODES_DETECTED,POINTS_NOT_UPDATED,0.5960988402366638
You fraud,FAKE_TEAMS,CRITICISM,0.7776926755905151
Link send plz my gmail,NO_NODES_DETECTED,CONTACT_NUMBER,0.33508598804473877
How delete this account,NO_NODES_DETECTED,ACCOUNT_NOT_VERIFIED,0.3859294354915619
üòÇ üòÇ üòÇ üòÇ,NO_NODES_DETECTED,FAKE_TEAMS,0.27372419834136963
When will the refund be given 200 rupees,NO_NODES_DETECTED,WHEN_WINNINGS_DISTRIBUTED,0.5205463171005249
Very bad experience,CRITICISM,CRITICISM,0.9708197712898254
Sir pahle aap mere balance bhej de dijiye plzz,NO_NODES_DETECTED,ACCOUNT_BALANCE_DEDUCTED,0.5019093155860901
I have ‚Çπ85 in my wallet but I am unable to join any match,NO_NODES_DETECTED,CANNOT_SEE_JOINED_CONTESTS,0.9377464056015015
Refer Kiya lakin bonus nhi mila,NO_NODES_DETECTED,OFFERS_AND_REFERRALS,0.5519252419471741
GAL VA MGK MATCH NOT POINT FOOTBALL TEAM,NO_NODES_DETECTED,POINTS_NOT_UPDATED,0.5043177008628845
Not update,NO_NODES_DETECTED,CHANGE_PROFILE_TEAM_DETAILS,0.8791565895080566
Yes we connected,NO_NODES_DETECTED,GREETINGS_DAY,0.968608558177948
Sir hindi me bataye,NO_NODES_DETECTED,THANKS,0.35051384568214417
Thankyou,THANKS,THANKS,0.9941738843917847
Team 3 goining but 2 team Shaw,NO_NODES_DETECTED,CANNOT_SEE_JOINED_CONTESTS,0.40307438373565674
"I played the match yesterday, but the results have not come yet?.",WHEN_SCORES_UPDATED,WITHDRAWAL_TIME,0.3070027232170105
Paise jaldi bheja karo bhai,NO_NODES_DETECTED,THANKS,0.4110605716705322
Maine  2 friand  send Kiya h  kuch Mila nhi,NO_NODES_DETECTED,THANKS,0.5836657285690308
Yes 200 rupes,NO_NODES_DETECTED,GREETINGS_DAY,0.530632495880127
Point worng,WRONG_SCORES,TEAM_DEADLINE,0.13183701038360596
Adhar card verified this apps i recast plz,NO_NODES_DETECTED,VERIFY_PAN,0.33412548899650574
Can you call me please,CONTACT_NUMBER,CONTACT_NUMBER,0.9926769733428955
Taipei t10 luge Today 1st match now will on progress why not adde  one wicket points of shahjad Khan Muhammad,NO_NODES_DETECTED,POINTS_NOT_UPDATED,0.18285076320171356
i have a different issue,NO_NODES_DETECTED,CHAT_WITH_AN_AGENT,0.48245206475257874
Point add a  q  nahi hua hai,NO_NODES_DETECTED,CHAT_WITH_AN_AGENT,0.3476937413215637
Add me 1000 rupees but bonus kitna milga,NO_NODES_DETECTED,TYPES_BONUS,0.9363692998886108
Point calculation is wrong of current cricket match,WRONG_SCORES,CHAT_WITH_AN_AGENT,0.39499935507774353
Sir aap score points me garbari q kar dete hai.,NO_NODES_DETECTED,POINTS_NOT_UPDATED,0.6941491365432739
My team is on no. 1 position after finishing tha game after some time a new team is showing with higher points then my team this is pure cheating.,NO_NODES_DETECTED,FAKE_TEAMS,0.8611459136009216
Withdraw 2time rejected,NO_NODES_DETECTED,WITHDRAWAL_TIME,0.8884994387626648
Total amount add kitna kiya h,NO_NODES_DETECTED,WINNINGS,0.48428142070770264
Arun parappagoudar getting one wicke,NO_NODES_DETECTED,CHAT_WITH_AN_AGENT,0.3474080562591553
Sir point update nhi ho raha h,NO_NODES_DETECTED,POINTS_NOT_UPDATED,0.42555907368659973
I have another problem,NO_NODES_DETECTED,CHAT_WITH_AN_AGENT,0.6734375357627869
Pan card hatana hai,NO_NODES_DETECTED,DELETE_PAN_CARD,0.5218697786331177
AParappugouder take 1 wicket in current  tdg fcf match but you not count th point please check,NO_NODES_DETECTED,CHAT_WITH_AN_AGENT,0.398956298828125
Check score asif,NO_NODES_DETECTED,HOW_POINTS_CALCULATED,0.3272916078567505
Hlo ser,GREETINGS_DAY,THANKS,0.6714194416999817
Last fake,NO_NODES_DETECTED,FAKE_TEAMS,0.9830281734466553
How to add invets mony,NO_NODES_DETECTED,THANKS,0.4131397604942322
Sir I'm winner t10 league but but lost,NO_NODES_DETECTED,CANNOT_SEE_JOINED_CONTESTS,0.7746939659118652
I did the football match yesterday but the result has not come yet sir,POINTS_NOT_UPDATED,CANNOT_SEE_JOINED_CONTESTS,0.8067390322685242
When was my withdrawal,NO_NODES_DETECTED,WITHDRAWAL_TIME,0.9791985154151917
Kisi se baat krvado,NO_NODES_DETECTED,THANKS,0.2920437455177307
Cal wala good roll Abhi Tak Nahin Aaya account mein,NO_NODES_DETECTED,THANKS,0.3100614547729492
"Bank account has been closed before 3-4 month and I have withdrawn money without checking bank details, so I will change my bank details but my money withdraw request cancel please",NO_NODES_DETECTED,WITHDRAWAL_STATUS,0.9051542282104492
Multi entry rejection why,NO_NODES_DETECTED,CANNOT_SEE_JOINED_CONTESTS,0.13505463302135468
Kab tak Aa jayga,NO_NODES_DETECTED,THANKS,0.3842664957046509
Email veryfy kaise kare,NO_NODES_DETECTED,VERIFY_EMAIL,0.982210099697113
Teri maa ka bhosda,NO_NODES_DETECTED,THANKS,0.4739108383655548
I want to talk an assistant,CHAT_WITH_AN_AGENT,CHAT_WITH_AN_AGENT,0.7919497489929199
How many times take for PAN verification,NO_NODES_DETECTED,VERIFY_PAN,0.9822531938552856
Froud app,FAKE_TEAMS,THANKS,0.2693960964679718
Suddenly balance gone,CHAT_WITH_AN_AGENT,CHAT_WITH_AN_AGENT,0.946079671382904
"Tp-w vs ct-w basketball match;
Wrong points updated, s rou points not updated",NO_NODES_DETECTED,POINTS_NOT_UPDATED,0.9934118986129761
My withdrawal Date confrom,WITHDRAWAL_TIME,WITHDRAWAL_TIME,0.932413637638092
Ghanta ka safe app,NO_NODES_DETECTED,THANKS,0.25177785754203796
Win money not receive,CHAT_WITH_AN_AGENT,WINNINGS,0.28202569484710693
Y the football team cesar Julio points not updated he scored a goal and assist,POINTS_NOT_UPDATED,POINTS_NOT_UPDATED,0.9365403056144714
Old number 9876543210,CONTACT_NUMBER,CONTACT_NUMBER,0.1898900717496872
Dont be srry by earning the precoius money in your pocket,NO_NODES_DETECTED,CHAT_WITH_AN_AGENT,0.839926540851593
Ludo game diya jaay,NO_NODES_DETECTED,THANKS,0.7518648505210876
Total money deposited and total money won,CHECK_DEPOSIT_STATUS,CHECK_DEPOSIT_STATUS,0.7562937140464783
Football result declared problem,NO_NODES_DETECTED,CANNOT_SEE_JOINED_CONTESTS,0.6017819046974182
For first deposit I didn‚Äôt received the cash bonus,CHAT_WITH_AN_AGENT,CHECK_DEPOSIT_STATUS,0.7445294260978699
Is this really possible,NO_NODES_DETECTED,CHAT_WITH_AN_AGENT,0.17814575135707855
Just make money by making others fool,NO_NODES_DETECTED,FAKE_TEAMS,0.821925163269043
dummydummy@gmail.com,NO_NODES_DETECTED,FAKE_TEAMS,0.658634603023529
My question was about baseball leauge,NO_NODES_DETECTED,FAKE_TEAMS,0.273068904876709
Refund the my money 200 rupees,NO_NODES_DETECTED,REFUND_OF_ADDED_CASH,0.9890407919883728
Point distribution is not correct Taiwan t10 match,WRONG_SCORES,POINTS_NOT_UPDATED,0.16959325969219208
Regarding surprise bonus,TYPES_BONUS,TYPES_BONUS,0.9943426847457886
Spin and win,NO_NODES_DETECTED,WINNINGS,0.2590010166168213
Hi today t10 league 5team selected but bonus 33 rupees not come,CHAT_WITH_AN_AGENT,TYPES_BONUS,0.25597769021987915
Mobile number,NO_NODES_DETECTED,CHANGE_MOBILE_NUMBER,0.9065260887145996
Hello sir help me,CAPABILITIES,GREETINGS_DAY,0.9901100397109985
200 rupuye amaunt no add my wallet,NO_NODES_DETECTED,CHECK_WALLET_BALANCE,0.982977569103241
I join 5 team in Taipei t10 but bonus is not given yet,CHAT_WITH_AN_AGENT,CANNOT_SEE_JOINED_CONTESTS,0.3020634055137634
Vijay kumar ko catch ka point nahi update kiya gya hai,NO_NODES_DETECTED,CHANGE_PROFILE_TEAM_DETAILS,0.19500309228897095
Contest cheat,FAKE_TEAMS,FAKE_TEAMS,0.8388402462005615
Profile picture how to change,CHANGE_PROFILE_TEAM_DETAILS,CHANGE_PROFILE_TEAM_DETAILS,0.9945816397666931
Sir please my balance my account not withdrawal,NO_NODES_DETECTED,WITHDRAWAL_TIME,0.530174732208252
Score updated incorrect,WHEN_SCORES_UPDATED,POINTS_NOT_UPDATED,0.6426816582679749
Chnge krna hai bank,NO_NODES_DETECTED,CHANGE_BANK_ACCOUNT,0.27258145809173584
I hate you,NO_NODES_DETECTED,CRITICISM,0.9871457815170288
Please complete football game result,NO_NODES_DETECTED,TEAM_DEADLINE,0.41900673508644104
pan card verifi no success,VERIFY_PAN,PAN_VERIFICATION_FAILED,0.5802087783813477
kk,NO_NODES_DETECTED,CANNOT_SEE_JOINED_CONTESTS,0.928311824798584
Sir Mera 100 Kat kyu gya hai,NO_NODES_DETECTED,THANKS,0.528541088104248
7654321089,NO_NODES_DETECTED,THANKS,0.4295855164527893
joined,NO_NODES_DETECTED,CANNOT_SEE_JOINED_CONTESTS,0.8307529091835022
Sir please return my money,NO_NODES_DETECTED,WINNINGS,0.7017300128936768
tie in head to head,WHAT_IF_THERES_A_TIE,WHAT_IF_THERES_A_TIE,0.9879105091094971
‡§Æ‡•Å‡§ù‡•á 1000 ‡§π‡§ú‡§æ‡§∞ ‡§∞‡•Å‡§™‡§Ø‡•á ‡§®‡§ø‡§ï‡§≤‡§®‡•á ‡§π‡•à ‡§®‡§ø‡§ï‡§≤ ‡§®‡§π‡•Ä ‡§∞‡§π‡•á,NO_NODES_DETECTED,CANNOT_SEE_JOINED_CONTESTS,0.2839966416358948
why winning amount is less in head to head match,LESS_WINNINGS_AMOUNT,LESS_WINNINGS_AMOUNT,0.42471474409103394
Last balance was 11800.. had won one  contest 150 is showimg as winning but not credited yet,CHAT_WITH_AN_AGENT,CHAT_WITH_AN_AGENT,0.3260380029678345
Chat with agrnt,CHAT_WITH_AN_AGENT,CHAT_WITH_AN_AGENT,0.2929934859275818
chat with customer service representative,CHAT_WITH_AN_AGENT,CONTACT_NUMBER,0.7267003655433655
How can we know that you might cheat on us.,NO_NODES_DETECTED,FAKE_TEAMS,0.8906058669090271
T10 cricket match Charles Heyward Get 2 wickets But I will not get points,NO_NODES_DETECTED,POINTS_NOT_UPDATED,0.7971851229667664
T10 match between TDCC and Titans points not updated correctly,NO_NODES_DETECTED,POINTS_NOT_UPDATED,0.9898324608802795
my delete account,NO_NODES_DETECTED,ACCOUNT_NOT_VERIFIED,0.21353580057621002
Account suspended ho gaya,NO_NODES_DETECTED,WITHDRAWAL_TIME,0.23990102112293243
Point kyon galat chadhaya 1match ma,NO_NODES_DETECTED,CHAT_WITH_AN_AGENT,0.41041111946105957
Urs new one game play quiz is fake Iam not misguided but how other person's guess Wright answer in equate time,NO_NODES_DETECTED,CHAT_WITH_AN_AGENT,0.27310413122177124
withdraw drom paytm,INSTANT_WITHDRAWAL,WITHDRAWAL_INTRO,0.4722176790237427
My account verfiy,ACCOUNT_NOT_VERIFIED,ACCOUNT_NOT_VERIFIED,0.9169464707374573
Kindly give me point list,NO_NODES_DETECTED,HOW_POINTS_CALCULATED,0.2947096824645996
I want block my account,NO_NODES_DETECTED,ACCOUNT_NOT_VERIFIED,0.5266138315200806
"Sir if you don't distribute yesterday winning amount. Then how can participate next tournament
Which is about to start at 7 am today.",NO_NODES_DETECTED,WHEN_WINNINGS_DISTRIBUTED,0.15101979672908783
Football winning,WINNINGS,WINNINGS,0.3132658302783966
Hume jion   ka cash nahi mila hai,NO_NODES_DETECTED,THANKS,0.5627946257591248
Belarus premier ka Paisa nahi aaya hai,NO_NODES_DETECTED,FAKE_TEAMS,0.25745612382888794
Shahzad Khan Muhamma 1 Wickets in current match Sir.  But Points not added.  Check it Sir,POINTS_NOT_UPDATED,POINTS_NOT_UPDATED,0.7747663855552673
You are a cheater,FAKE_TEAMS,CRITICISM,0.9696312546730042
I have joined contest but not show my contest,CANNOT_SEE_JOINED_CONTESTS,CANNOT_SEE_JOINED_CONTESTS,0.9264068603515625
??,NO_NODES_DETECTED,THANKS,0.4423263967037201
Payment extra cut entry fees,NO_NODES_DETECTED,OFFERS_AND_REFERRALS,0.11601203680038452
Zero support,NO_NODES_DETECTED,CANNOT_SEE_JOINED_CONTESTS,0.221023827791214
Not active,NO_NODES_DETECTED,CHAT_WITH_AN_AGENT,0.6805835366249084
Mai kitni bar complain kru,NO_NODES_DETECTED,FAKE_TEAMS,0.4007655680179596
Very vad,NO_NODES_DETECTED,THANKS,0.900909423828125
"I played the match yesterday, but the results have not come yet",NO_NODES_DETECTED,CANNOT_SEE_JOINED_CONTESTS,0.29575467109680176
Cricket me kon team lagaye,NO_NODES_DETECTED,FAKE_TEAMS,0.8715764880180359
My gmail not vrify,NO_NODES_DETECTED,CHAT_WITH_AN_AGENT,0.3703390955924988
"Hello sir,EBM vs DyB match ka result show nhi kar Raha h",NO_NODES_DETECTED,CANNOT_SEE_JOINED_CONTESTS,0.5234493613243103
Sir plz my withdrawal confrom,NO_NODES_DETECTED,WITHDRAWAL_TIME,0.8550456166267395
Its too late,NO_NODES_DETECTED,CHAT_WITH_AN_AGENT,0.9155248403549194
Complaining,NO_NODES_DETECTED,FAKE_TEAMS,0.7579920291900635
I have already registered,NO_NODES_DETECTED,CHECK_DEPOSIT_STATUS,0.23289726674556732
I loss in all contest,NO_NODES_DETECTED,CANNOT_SEE_JOINED_CONTESTS,0.8264418840408325
Very leyt updeta all match way,NO_NODES_DETECTED,THANKS,0.19392235577106476
How to use signup bonus amount,SIGNUP_BONUS,SIGNUP_BONUS,0.8109839558601379
Basketball update Nahin ho raha hai bhai cal se,NO_NODES_DETECTED,CHANGE_PROFILE_TEAM_DETAILS,0.3396812379360199
I want change my PAN CARD DETAILS,DELETE_PAN_CARD,DELETE_PAN_CARD,0.9855043888092041
Please remove,NO_NODES_DETECTED,DELETE_PAN_CARD,0.5701660513877869
How to remove pan card,DELETE_PAN_CARD,DELETE_PAN_CARD,0.9949715733528137
For pan card,NO_NODES_DETECTED,VERIFY_PAN,0.8059850335121155
how many points for a catch?,HOW_POINTS_CALCULATED,TEAM_DEADLINE,0.18374796211719513
Please correct arun ponits in this match,NO_NODES_DETECTED,FAKE_TEAMS,0.30505943298339844
The current points tally between FCF and TDG is not updated,POINTS_NOT_UPDATED,POINTS_NOT_UPDATED,0.9355659484863281
Sir you are giving wrong points in cricket,NO_NODES_DETECTED,CHAT_WITH_AN_AGENT,0.613755464553833
A parappagoudar 1 wicket but not point updated please updated wicket point,POINTS_NOT_UPDATED,POINTS_NOT_UPDATED,0.8507886528968811
Point was not update properly please check and update the live famr,POINTS_NOT_UPDATED,CHANGE_PROFILE_TEAM_DETAILS,0.23619848489761353
Sir not update point  my 2 cricketer,POINTS_NOT_UPDATED,POINTS_NOT_UPDATED,0.5949158668518066
Today wicke,NO_NODES_DETECTED,CANNOT_SEE_JOINED_CONTESTS,0.2717037796974182
In today march between FCC AND TDCC..PLAYERS A LIU is in my team and he is playing well but his points are not updated,POINTS_NOT_UPDATED,POINTS_NOT_UPDATED,0.9037754535675049
Kal ka maich football ka huwa tha jo wining ka kais nhi mila hai,NO_NODES_DETECTED,TYPES_CONTESTS,0.26806458830833435
Give weekend Bonanza to my account,NO_NODES_DETECTED,ACCOUNT_NOT_VERIFIED,0.3083248436450958
Please distribution the winning amount.,WHEN_WINNINGS_DISTRIBUTED,WINNINGS,0.7396617531776428
I want deactivation my acount,NO_NODES_DETECTED,INSTANT_WITHDRAWAL,0.5304182171821594
"Yesterday I joined the contest in football, but the result was not announced yet",NO_NODES_DETECTED,CANNOT_SEE_JOINED_CONTESTS,0.935213565826416
Yesterday me contest join but no results so far‚ò∫!??.,NO_NODES_DETECTED,CANNOT_SEE_JOINED_CONTESTS,0.8123401403427124
ser mera win kiya huaa amount q nhi aara PowerPlay11 m,NO_NODES_DETECTED,THANKS,0.840329110622406
Where is asif tanoli's run out point?,NO_NODES_DETECTED,CHAT_WITH_AN_AGENT,0.30635038018226624
Potis are missing,NO_NODES_DETECTED,CANNOT_SEE_JOINED_CONTESTS,0.43332406878471375
PowerPlay11 is Best geme bat no pen card and withdrawal no veryindication,NO_NODES_DETECTED,WITHDRAWAL_STATUS,0.41854265332221985
With only bonus I can play contests,NO_NODES_DETECTED,HOW_TO_PLAY,0.3920289874076843
Withdraw fast my account,WITHDRAWAL_INTRO,WITHDRAWAL_INTRO,0.7093557715415955
There is unfair means GamePlay,NO_NODES_DETECTED,FAIRPLAY_VIOLATIONS,0.6044930815696716
I earn 214.But win 300,NO_NODES_DETECTED,WINNINGS,0.6459534168243408
Any kind of first deposit bonus offer is there or not,NO_NODES_DETECTED,CHECK_DEPOSIT_STATUS,0.9766412973403931
First deposit bonus,NO_NODES_DETECTED,CHECK_DEPOSIT_STATUS,0.9871947169303894
"Sir 
Hamara paisa Whithraw nahi ho raha hai",NO_NODES_DETECTED,THANKS,0.5400144457817078
I was joined  in open one leaguge,NO_NODES_DETECTED,CANNOT_SEE_JOINED_CONTESTS,0.8756935596466064
I have withdrawn 300rs but in my wallet it shows success but in credit in my bank account,WITHDRAWAL_STATUS,WITHDRAWAL_STATUS,0.9169320464134216
My account main,NO_NODES_DETECTED,ACCOUNT_NOT_VERIFIED,0.9691445231437683
Public contests,TYPES_CONTESTS,TYPES_CONTESTS,0.9898560643196106
I want to caht with customer caee,CONTACT_NUMBER,GREETINGS_DAY,0.29888299107551575
48497,NO_NODES_DETECTED,THANKS,0.26345837116241455
No call me,CONTACT_NUMBER,CHAT_WITH_AN_AGENT,0.5276778340339661
Why you are not declared result yesterday football match,NO_NODES_DETECTED,MATCH_ABANDONED,0.24391315877437592
Where gone my balance,CHAT_WITH_AN_AGENT,CHECK_WALLET_BALANCE,0.9934678077697754
Internet connection of who,NO_NODES_DETECTED,CONTACT_NUMBER,0.6539498567581177
Nonsense,NO_NODES_DETECTED,CRITICISM,0.9327520728111267
What you will help me,CAPABILITIES,CAPABILITIES,0.9938439726829529
"When I am at rank 1 
Directly I am switched to rank 10",NO_NODES_DETECTED,LESS_WINNINGS_AMOUNT,0.22796398401260376
Tell about me,NO_NODES_DETECTED,CONTACT_NUMBER,0.5410538911819458
My wallet me wining amount nahi aya,NO_NODES_DETECTED,CHECK_WALLET_BALANCE,0.9352028369903564
Dont reply me the same formats,NO_NODES_DETECTED,CHAT_WITH_AN_AGENT,0.4770839810371399
You have no other replys,NO_NODES_DETECTED,CHAT_WITH_AN_AGENT,0.8968931436538696
Change emy,NO_NODES_DETECTED,CHANGE_PROFILE_TEAM_DETAILS,0.8865509629249573
Quiz hindi me kyo nhi aate h,NO_NODES_DETECTED,THANKS,0.17354564368724823
198 ka cash bonus kya hai,NO_NODES_DETECTED,CASH_BONUS,0.9112430810928345
Didn't get bonus yet,CHAT_WITH_AN_AGENT,CHAT_WITH_AN_AGENT,0.46197789907455444
198 ka kya offer hai,NO_NODES_DETECTED,THANKS,0.5608483552932739
Now instant withdrawal is working or not,INSTANT_WITHDRAWAL,INSTANT_WITHDRAWAL,0.9946850538253784
In T10 match TDCC and Daredevils for player c hakyed has taken 2 wickets but no points added,NO_NODES_DETECTED,POINTS_NOT_UPDATED,0.5912462472915649
one of my player take 2 wickets i t10 match but he only get 8 points how ??,NO_NODES_DETECTED,CHAT_WITH_AN_AGENT,0.12962780892848969
3rd class report for match finish i have 1 st rank and 4hour back i am in 2nd rand very 3rd class he is chit me on PowerPlay11 team,NO_NODES_DETECTED,FAKE_TEAMS,0.17998097836971283
Why me add amount Amazon pay wallet but don't PowerPlay11 don't show wallet why,CHAT_WITH_AN_AGENT,CHECK_WALLET_BALANCE,0.7674350738525391
delete PowerPlay11,NO_NODES_DETECTED,DELETE_PAN_CARD,0.8654220700263977
Hi can I transfer cash bonus from one account to another,NO_NODES_DETECTED,DEDUCTED_AMOUNT_NOT_RECEIVED,0.2714662551879883
Can it is possible to transfer,NO_NODES_DETECTED,WITHDRAWAL_TIME,0.4433697760105133
please,NO_NODES_DETECTED,THANKS,0.34620168805122375
my account permanent delete,NO_NODES_DETECTED,DELETE_PAN_CARD,0.5872603058815002
It is transfer,NO_NODES_DETECTED,WITHDRAWAL_TIME,0.2731372117996216
Cheating app,CRITICISM,FAKE_TEAMS,0.9945806860923767
Today 10 league I am 5 teams joined match completed 33 not add amount,CHAT_WITH_AN_AGENT,CANNOT_SEE_JOINED_CONTESTS,0.9548511505126953
A Khan taken a catch but point is still not updated,POINTS_NOT_UPDATED,POINTS_NOT_UPDATED,0.602347731590271
Sir there is some fault in result,NO_NODES_DETECTED,CHAT_WITH_AN_AGENT,0.6581511497497559
Kab,NO_NODES_DETECTED,THANKS,0.6361104846000671
Yesterday I added Rs.100 amount but not added in PowerPlay11 wallet but deducted in my account kindly refund the amount.,DEDUCTED_AMOUNT_NOT_RECEIVED,DEDUCTED_AMOUNT_NOT_RECEIVED,0.9857393503189087
M Rajendran got 2 wicket and point was given to manikandan,NO_NODES_DETECTED,WITHDRAWAL_TIME,0.14621508121490479
Team name change karna hai,NO_NODES_DETECTED,CHANGE_PROFILE_TEAM_DETAILS,0.9944915175437927
How I can switch my account,NO_NODES_DETECTED,ACCOUNT_RESET,0.7432098984718323
abounded,NO_NODES_DETECTED,CANNOT_SEE_JOINED_CONTESTS,0.28595736622810364
Aconut chnge krnaa hai bank da,NO_NODES_DETECTED,THANKS,0.3760979175567627
my winning amount is less,LESS_WINNINGS_AMOUNT,WHEN_WINNINGS_DISTRIBUTED,0.45522695779800415
Mere account number konse add hai,NO_NODES_DETECTED,CONTACT_NUMBER,0.4701443612575531
Email verify problem,VERIFY_EMAIL,VERIFY_EMAIL,0.995690107345581
75 sign,NO_NODES_DETECTED,CHAT_WITH_AN_AGENT,0.2280646115541458
Mera meam name shaoo,NO_NODES_DETECTED,THANKS,0.7835990190505981
Mai football me team lagaya tha mera totl point 104 ho rha hai dikha rha 86 isaka kya mtalm hai,NO_NODES_DETECTED,FAKE_TEAMS,0.4116688370704651
How to change mobile no,CHANGE_MOBILE_NUMBER,CHANGE_MOBILE_NUMBER,0.9943682551383972
Withdrawal cansolna,NO_NODES_DETECTED,WITHDRAWAL_STATUS,0.45163094997406006
Yogesh rajput point not updated on latest match,POINTS_NOT_UPDATED,POINTS_NOT_UPDATED,0.9902526140213013
D. barshilia take one wkt you do not give point,NO_NODES_DETECTED,CANNOT_SEE_JOINED_CONTESTS,0.41444796323776245
Bonas kae se uj kre,NO_NODES_DETECTED,THANKS,0.6991392374038696
Winning amount sir,WHEN_WINNINGS_DISTRIBUTED,WINNINGS,0.9925491809844971
24hours,NO_NODES_DETECTED,WINNINGS,0.5001137256622314
I had notice one thing in PowerPlay11,NO_NODES_DETECTED,CHAT_WITH_AN_AGENT,0.5510177612304688
When will come my invited amount,WHEN_WINNINGS_DISTRIBUTED,WHEN_WINNINGS_DISTRIBUTED,0.9700377583503723
You are giving wrong points and not declaring points last 24hrs finally you are changing the points and positions thankyou,NO_NODES_DETECTED,POINTS_NOT_UPDATED,0.7913861870765686
Review money football,NO_NODES_DETECTED,CANNOT_SEE_JOINED_CONTESTS,0.08094000071287155
why r u last t10 match not give wicket point properly???,NO_NODES_DETECTED,WITHDRAWAL_TIME,0.13810978829860687
D barshila,NO_NODES_DETECTED,CANNOT_SEE_JOINED_CONTESTS,0.8662061095237732
Bonus I have not received,CHAT_WITH_AN_AGENT,TYPES_BONUS,0.5987387299537659
Explain shortly,NO_NODES_DETECTED,CAPABILITIES,0.11853314936161041
Account verify kitne der mein ho jata hai,NO_NODES_DETECTED,ACCOUNT_NOT_VERIFIED,0.9891973733901978
please clear the last football match i need to play next matches,NO_NODES_DETECTED,CANNOT_SEE_JOINED_CONTESTS,0.35471898317337036
Please all game line up watch,NO_NODES_DETECTED,TEAM_DEADLINE,0.46793198585510254
Refrer code kaha dale,NO_NODES_DETECTED,FAKE_TEAMS,0.19520045816898346
5 team join and 33 rupees and cashback 198,NO_NODES_DETECTED,CANNOT_SEE_JOINED_CONTESTS,0.4961255192756653
Iam new user ?,NO_NODES_DETECTED,CHAT_WITH_AN_AGENT,0.3481111526489258
No you not give sign up bonus,CHAT_WITH_AN_AGENT,TYPES_BONUS,0.9651613235473633
Please give me your contect number,CONTACT_NUMBER,CONTACT_NUMBER,0.993722677230835
Call Nehi jaraha hay,NO_NODES_DETECTED,GREETINGS_DAY,0.6319106817245483
Not my account,NO_NODES_DETECTED,ACCOUNT_NOT_VERIFIED,0.92083340883255
I added 200 rupees in my wallet but i can't withdrawl that,NO_NODES_DETECTED,WITHDRAWAL_TIME,0.8518782258033752
So where is amount,WITHDRAWAL_INTRO,WHEN_WINNINGS_DISTRIBUTED,0.9076446294784546
Take my suggestion please,NO_NODES_DETECTED,FEEDBACK,0.3181118071079254
Rummy apk is not working,NO_NODES_DETECTED,CHAT_WITH_AN_AGENT,0.988846480846405
My point no updates live cricket match,POINTS_NOT_UPDATED,POINTS_NOT_UPDATED,0.4812717139720917
Showing invalid iser information while entering team,NO_NODES_DETECTED,CHAT_WITH_AN_AGENT,0.6635952591896057
Not claim bones,NO_NODES_DETECTED,FAKE_TEAMS,0.4082179069519043
3 may withdrawl,NO_NODES_DETECTED,WITHDRAWAL_INTRO,0.9750359058380127
I want add another amazon account because the amazon account i added not working,NO_NODES_DETECTED,CHAT_WITH_AN_AGENT,0.41337820887565613
My team not seeing,CANNOT_SEE_JOINED_CONTESTS,CHAT_WITH_AN_AGENT,0.9854987263679504
Sir mane abhi t10 bala 89 content join kiya tha,NO_NODES_DETECTED,CANNOT_SEE_JOINED_CONTESTS,0.8572027087211609
I join a contacts match live but not show live score card,NO_NODES_DETECTED,CANNOT_SEE_JOINED_CONTESTS,0.6662563681602478
i wanted to change the email id of my PowerPlay11 but it didnt work out,CHANGE_PROFILE_TEAM_DETAILS,VERIFY_EMAIL,0.5610628724098206
"Bank of baroda
Kashiadanga west bengal
Md kabir reja
BARB0KASHIA",NO_NODES_DETECTED,FAKE_TEAMS,0.28252938389778137
My account is under instant withdrawal,INSTANT_WITHDRAWAL,INSTANT_WITHDRAWAL,0.9753698110580444
I've won first t10 contest today.. but still not get d winning money,CHAT_WITH_AN_AGENT,CANNOT_SEE_JOINED_CONTESTS,0.41547152400016785
Sir I will,NO_NODES_DETECTED,GREETINGS_DAY,0.9347556829452515
why not points update,POINTS_NOT_UPDATED,POINTS_NOT_UPDATED,0.9957423210144043
Pan verify not,VERIFY_PAN,VERIFY_PAN,0.9836949706077576
I can help you,NO_NODES_DETECTED,CAPABILITIES,0.9947675466537476
Sir point not updated tomorrow football match,POINTS_NOT_UPDATED,POINTS_NOT_UPDATED,0.9287258386611938
Match complete ho gaya abhi tak Paisa nahin aaya kyo,NO_NODES_DETECTED,MATCH_ABANDONED,0.931566596031189
8765432190 call me,NO_NODES_DETECTED,CONTACT_NUMBER,0.972388505935669
I want to update my DOB,NO_NODES_DETECTED,UPDATE_APP,0.6026723980903625
Iam team not point jeevan wiket,NO_NODES_DETECTED,POINTS_NOT_UPDATED,0.23449377715587616
Jeveen point not credit my team,NO_NODES_DETECTED,CHAT_WITH_AN_AGENT,0.25138840079307556
I don't withdrawal my money,NO_NODES_DETECTED,WITHDRAWAL_TIME,0.9801589846611023
My wallet reload,CHECK_WALLET_BALANCE,CHECK_WALLET_BALANCE,0.9766338467597961
My wallet amount reload,CHECK_WALLET_BALANCE,CHECK_WALLET_BALANCE,0.9799720048904419
Why can't receive any cash bonus on deposit 200 rupee,NO_NODES_DETECTED,CHECK_DEPOSIT_STATUS,0.42832982540130615
I am a old member,NO_NODES_DETECTED,CANNOT_SEE_JOINED_CONTESTS,0.47860240936279297
Cash bonus kya he abhi,NO_NODES_DETECTED,CASH_BONUS,0.9641567468643188
v,NO_NODES_DETECTED,CANNOT_SEE_JOINED_CONTESTS,0.5839872360229492
Please give cash bonous,CASH_BONUS,WINNINGS,0.7698908448219299
kB free league milegi,NO_NODES_DETECTED,FAKE_TEAMS,0.6491222977638245
How much time it takes to verify pan card,VERIFY_PAN,VERIFY_PAN,0.9949430823326111
Ok thanx,THANKS,THANKS,0.9849011898040771
Sir abhi tak cahs bonus nhi mila,NO_NODES_DETECTED,THANKS,0.5992985963821411
"You are good agent , good behavior, good for all everything..",APPRECIATION,APPRECIATION,0.9713606238365173
Upi,NO_NODES_DETECTED,THANKS,0.8430144786834717
Sir pont,NO_NODES_DETECTED,FAKE_TEAMS,0.216720312833786
I've joined the 1st t10 contest,NO_NODES_DETECTED,JOIN_CONTEST,0.9892794489860535
Match Taipei,NO_NODES_DETECTED,MATCH_ABANDONED,0.7984645366668701
Fairplay violation..what I do,FAIRPLAY_VIOLATIONS,FAIRPLAY_VIOLATIONS,0.994525671005249
Duplicate email,NO_NODES_DETECTED,VERIFY_EMAIL,0.9892181158065796
Good morning sir,GREETINGS_DAY,GREETINGS_DAY,0.9963597655296326
I've not credited the winnings amount,CHAT_WITH_AN_AGENT,WHEN_WINNINGS_DISTRIBUTED,0.9892709851264954
Sir mera 198 cash bonus nhi aaya,NO_NODES_DETECTED,TYPES_BONUS,0.662797749042511
How points calculated,HOW_POINTS_CALCULATED,HOW_POINTS_CALCULATED,0.9582483172416687
Last t10match point problem with,NO_NODES_DETECTED,WHAT_IF_THERES_A_TIE,0.46220946311950684
I have unutilized bonus,UNUTILIZED_MONEY,UNUTILIZED_MONEY,0.9787802696228027
Any offers to my account,NO_NODES_DETECTED,OFFERS_AND_REFERRALS,0.9313743114471436
why,NO_NODES_DETECTED,WHY_VERIFY,0.3394569754600525
I have submitted my bank account details but till now it not verify,BANK_VERIFICATION_DETAILS,BANK_VERIFICATION_DETAILS,0.6836891770362854
Scorecard are not right,NO_NODES_DETECTED,CHAT_WITH_AN_AGENT,0.9494492411613464
"Screen ke upar jo rummy ka sign aa rha hai, use remove kro ji, very iritatic hai...",NO_NODES_DETECTED,DELETE_PAN_CARD,0.24423140287399292
Rummy is not working,CHAT_WITH_AN_AGENT,CHAT_WITH_AN_AGENT,0.98991459608078
Yesterday foodball results not declared,NO_NODES_DETECTED,CHAT_WITH_AN_AGENT,0.3960445523262024
My account is under instant withdraw l,INSTANT_WITHDRAWAL,INSTANT_WITHDRAWAL,0.9689301252365112
Sir my points are 44 by calculating player points but showing only 38 y,NO_NODES_DETECTED,CHAT_WITH_AN_AGENT,0.21968179941177368
Is it for first 3 add amount or thereafter too?,NO_NODES_DETECTED,REFUND_OF_WRONG_AMOUNT,0.34894976019859314
Company ka mail,NO_NODES_DETECTED,CONTACT_NUMBER,0.20298734307289124
‡§Æ‡•à‡§Ç‡§®‡•á ‡§ï‡§≤ ‡§Ö‡§™‡§®‡•á ‡§™‡•à‡§∏‡•á ‚Çπ200 ‡§¨‡•à‡§Ç‡§ï ‡§Æ‡•á‡§Ç ‡§ü‡•ç‡§∞‡§æ‡§Ç‡§∏‡§´‡§∞ ‡§ï‡§ø‡§è ‡§Ö‡§≠‡•Ä ‡§§‡§ï ‡§®‡§π‡•Ä‡§Ç ‡§Ü‡§è,NO_NODES_DETECTED,CANNOT_SEE_JOINED_CONTESTS,0.4589277505874634
Ac. Balance lost,NO_NODES_DETECTED,CHAT_WITH_AN_AGENT,0.8582472801208496
Not received cashback 5 more team join why,NO_NODES_DETECTED,JOIN_CONTEST,0.169446662068367
Review my money football,NO_NODES_DETECTED,CANNOT_SEE_JOINED_CONTESTS,0.11310900002717972
Ohkie,NO_NODES_DETECTED,THANKS,0.5965094566345215
"I appreciate , thanks",THANKS,THANKS,0.9820283651351929
Withdrawal ME kitna time lagta he,NO_NODES_DETECTED,WITHDRAWAL_TIME,0.9657354354858398
Balance automatically deducted from my account,ACCOUNT_BALANCE_DEDUCTED,ACCOUNT_BALANCE_DEDUCTED,0.9952875971794128
please complete last football match of korean leaug,NO_NODES_DETECTED,CANNOT_SEE_JOINED_CONTESTS,0.5259304642677307
cash bonus offers,CASH_BONUS,CASH_BONUS,0.9225096106529236
my registered number is dead so I can't get into can I add my new number,CHANGE_MOBILE_NUMBER,CONTACT_NUMBER,0.6371195316314697
"On joining a contest, the account balance from your wallet is deducted as per the below cycle üëá
*Unutilized ‚û° Cash Bonus ‚û°  Winnings*",ACCOUNT_BALANCE_DEDUCTED,ACCOUNT_BALANCE_DEDUCTED,0.9579043388366699
My account not verified,ACCOUNT_NOT_VERIFIED,ACCOUNT_NOT_VERIFIED,0.9954204559326172
Email id,NO_NODES_DETECTED,VERIFY_EMAIL,0.9930623769760132
Why my withdrawal was not still complete,NO_NODES_DETECTED,WITHDRAWAL_TIME,0.834314227104187
Pan card not veryfy,VERIFY_PAN,DELETE_PAN_CARD,0.8079593777656555
There was 371 wining amount is less,LESS_WINNINGS_AMOUNT,WHEN_WINNINGS_DISTRIBUTED,0.4314577281475067
Not connect,NO_NODES_DETECTED,CHAT_WITH_AN_AGENT,0.8880055546760559
Call unavailable bolrahe,NO_NODES_DETECTED,CONTACT_NUMBER,0.7199646234512329
Why payment failed,NO_NODES_DETECTED,PAN_VERIFICATION_FAILED,0.411378413438797
Now cash bonus offer,CASH_BONUS,CASH_BONUS,0.8387198448181152
How to remove fairplay violation,FAIRPLAY_VIOLATIONS,FAIRPLAY_VIOLATIONS,0.9926533102989197
Taipay t 10 league ka winning money ab v 100rs mere account me Nehi ayaa,NO_NODES_DETECTED,WINNINGS,0.4617483913898468
Please give me sign up bonus,CHAT_WITH_AN_AGENT,TYPES_BONUS,0.9344882965087891
"H fan shan,w w lin two players wrong points updat2",NO_NODES_DETECTED,POINTS_NOT_UPDATED,0.5058689713478088
Pending  withdraw money statu,WITHDRAWAL_STATUS,WITHDRAWAL_TIME,0.4412526488304138
Didn't understand,NO_NODES_DETECTED,CHAT_WITH_AN_AGENT,0.9850796461105347
Send my winnings as early as possible,NO_NODES_DETECTED,CONTACT_NUMBER,0.6200049519538879
Rupaye ka recharge Kiya Fir Bhi Mujhe Koi bonus nahin mila,NO_NODES_DETECTED,THANKS,0.16552403569221497
Mujh free league chaiye,NO_NODES_DETECTED,CANNOT_SEE_JOINED_CONTESTS,0.7724048495292664
Mera pen card venrfy ny ho rah,NO_NODES_DETECTED,VERIFY_PAN,0.4230857491493225
Server iss plese,NO_NODES_DETECTED,CHAT_WITH_AN_AGENT,0.14053842425346375
My name dheerendrakumar nmy team,NO_NODES_DETECTED,FAKE_TEAMS,0.8963083028793335
Refer not cash,NO_NODES_DETECTED,OFFERS_AND_REFERRALS,0.9779974222183228
Long time taking to football results,WHEN_SCORES_UPDATED,CANNOT_SEE_JOINED_CONTESTS,0.3272649049758911
Why are you distributing money too late,NO_NODES_DETECTED,CHAT_WITH_AN_AGENT,0.2634265124797821
I want join a more contest but I haven't money.,NO_NODES_DETECTED,JOIN_CONTEST,0.9154676198959351
Maximum withdrawal  amount,WITHDRAWAL_INTRO,WITHDRAWAL_TIME,0.48885485529899597
Why my withdrawal amount is refund,NO_NODES_DETECTED,WITHDRAWAL_TIME,0.9890851378440857
How to delete PowerPlay11 account,NO_NODES_DETECTED,ACCOUNT_RESET,0.7721301317214966
Not entering,NO_NODES_DETECTED,CHAT_WITH_AN_AGENT,0.9766170382499695
Your point is not correct in cricket,NO_NODES_DETECTED,CHAT_WITH_AN_AGENT,0.5490106344223022
I can't recieve my cashbacks for T-10,CHAT_WITH_AN_AGENT,REFUND_OF_ADDED_CASH,0.6358290314674377
My  mobile number 9876556789 call me,VERIFY_MOBILE,CHANGE_MOBILE_NUMBER,0.778314471244812
Cash bonus plz sir,CASH_BONUS,CASH_BONUS,0.7948094606399536
"D. Barshilia in taipei t10 live match gets a wicket , but his point not updated here",WHEN_SCORES_UPDATED,POINTS_NOT_UPDATED,0.2848483622074127
Ol,NO_NODES_DETECTED,THANKS,0.2836568057537079
jeevan k point kyo nhi badaye,NO_NODES_DETECTED,THANKS,0.32435059547424316
Winningmoney kab tak aayega,NO_NODES_DETECTED,WINNINGS,0.4196009635925293
Sir t10 league match is complete why too late the winnigs,NO_NODES_DETECTED,CANNOT_SEE_JOINED_CONTESTS,0.6294044256210327
Hii PowerPlay11 in the Taiwan t10 leuge icct smasher vs swinger last match in a your team point system in appreciate nitish nair are all rounder please make all rounder vise point upgrade not bowler dream 11 also all round vise point upgrade on nitish nair and make strike point -1 please you make all rounder vise point upgrade and -1 on nitish nair and his strike rate 94.87 please solve the problem,NO_NODES_DETECTED,HOW_POINTS_CALCULATED,0.13866353034973145
Darling,NO_NODES_DETECTED,THANKS,0.9098029732704163
Plz check yesterday's withdrawal and support me,CAPABILITIES,WITHDRAWAL_STATUS,0.964523196220398
Case bonus 198 how,NO_NODES_DETECTED,TYPES_BONUS,0.9679967761039734
Give me bonus,TYPES_BONUS,TYPES_BONUS,0.981615424156189
Enthasepu,NO_NODES_DETECTED,THANKS,0.9415643215179443
Taipei cs vs pu last over run out m,NO_NODES_DETECTED,CANNOT_SEE_JOINED_CONTESTS,0.7050484418869019
Mail I'd send me,NO_NODES_DETECTED,VERIFY_EMAIL,0.4802699089050293
D bharshila,NO_NODES_DETECTED,CANNOT_SEE_JOINED_CONTESTS,0.7920249104499817
Thanks for all,THANKS,THANKS,0.9784890413284302
Why show my duplicate account,NO_NODES_DETECTED,WHY_VERIFY,0.7537842988967896
"Tp-w vs cl-w match wrong points updated,you cheating",FAKE_TEAMS,POINTS_NOT_UPDATED,0.8881736993789673
I won 8 rupees but the account balance is showing 2 rupees.,CHAT_WITH_AN_AGENT,ACCOUNT_BALANCE_DEDUCTED,0.9809238910675049
Kam,NO_NODES_DETECTED,THANKS,0.1732156127691269
"For withdraw money, bank account and pan card link necessary",NO_NODES_DETECTED,WITHDRAW_CASH_BONUS,0.3142390251159668
O,NO_NODES_DETECTED,GREETINGS_DAY,0.9077134132385254
Hi PowerPlay11,GREETINGS_DAY,GREETINGS_DAY,0.9409180283546448
why 999rs contest from cricket removed?,NO_NODES_DETECTED,CANNOT_SEE_JOINED_CONTESTS,0.9278914332389832
I joined 4 contests in regular play in match Dragons vs Titans but now it is showing in safe play,NO_NODES_DETECTED,TEAM_DEADLINE,0.9924110174179077
"On joining a contest, the account balance from your wallet is deducted as per the below cycle üëá
My account balance is lost",ACCOUNT_BALANCE_DEDUCTED,ACCOUNT_BALANCE_DEDUCTED,0.9903168678283691
Cashback 5team join,NO_NODES_DETECTED,JOIN_CONTEST,0.7578810453414917
Money offers,OFFERS_AND_REFERRALS,OFFERS_AND_REFERRALS,0.8229479193687439
Yesterday withdrawal not added yet,NO_NODES_DETECTED,WITHDRAWAL_TIME,0.954002857208252
"Taipai t10 leauge ke aaj third match{swinger vs pcct} ke point update kaise nahi ho rahe
Usme pcct ki team se last over me mohammad mujahid ne 2 wicket liye hain lekin match close hua 15 minutes ho gaya point update nahi hua",NO_NODES_DETECTED,CANNOT_SEE_JOINED_CONTESTS,0.24149596691131592
Today last match t10 player  muhammad mujahid has 2wicket 16 runs you give 45 points,NO_NODES_DETECTED,POINTS_NOT_UPDATED,0.5458952784538269
Remove fairplay violation,NO_NODES_DETECTED,FAIRPLAY_VIOLATIONS,0.9934819936752319
Insatant or paytm ka option show nhi ho rha h only withdraw ka bs h ap chalu kr dijiye,NO_NODES_DETECTED,WITHDRAWAL_STATUS,0.22986634075641632
Call lag nahi raha number par,NO_NODES_DETECTED,CONTACT_NUMBER,0.9457796812057495
Taipei mach last over run out,NO_NODES_DETECTED,CHAT_WITH_AN_AGENT,0.32599973678588867
How to check bank details,NO_NODES_DETECTED,BANK_VERIFICATION_DETAILS,0.8769617676734924
Hi good evng review money football,NO_NODES_DETECTED,THANKS,0.5880718231201172
Match realeted,NO_NODES_DETECTED,MATCH_ABANDONED,0.9386558532714844
Hey i want to change my bank account,CHANGE_BANK_ACCOUNT,CHANGE_BANK_ACCOUNT,0.9906162619590759
Match kab Tak khatam hoga,NO_NODES_DETECTED,MATCH_ABANDONED,0.7750645875930786
My wallet reload amount 49rs,CHECK_WALLET_BALANCE,CHECK_WALLET_BALANCE,0.9693838953971863
Kya 200 add Karne se cash bonus Kitna aaiyega,NO_NODES_DETECTED,TYPES_BONUS,0.8533552289009094
Connect an agent,CHAT_WITH_AN_AGENT,CHAT_WITH_AN_AGENT,0.9970118403434753
Today I'm wining 21 rs,NO_NODES_DETECTED,WINNINGS,0.8165109753608704
Why yesterday football match slk v ebm pending results,WHEN_SCORES_UPDATED,CANNOT_SEE_JOINED_CONTESTS,0.4479449987411499
It is only 1st deposit,NO_NODES_DETECTED,CHECK_DEPOSIT_STATUS,0.982623279094696
What is regular and safe contest,TEAM_DEADLINE,TEAM_DEADLINE,0.6474653482437134
What is 100% off,NO_NODES_DETECTED,CHAT_WITH_AN_AGENT,0.6050750613212585
My Cash bonus not received to me,NO_NODES_DETECTED,DEDUCTED_AMOUNT_NOT_RECEIVED,0.6325889825820923
What's happened basketball match is not complete,NO_NODES_DETECTED,MATCH_ABANDONED,0.5619721412658691
My diposit money less why,NO_NODES_DETECTED,WINNINGS,0.24157999455928802
please help i add 125 but my wallet credited 25,CAPABILITIES,CHECK_WALLET_BALANCE,0.4468196928501129
Tor vs gra fottbal leadboard kab khtam hoga tumhara,NO_NODES_DETECTED,CANNOT_SEE_JOINED_CONTESTS,0.3224256634712219
Match is abandoned but amount is not get back in my wallet,MATCH_ABANDONED,MATCH_ABANDONED,0.9892681241035461
But still it is not refunded,REFUND_OF_ADDED_CASH,REFUND_OF_ADDED_CASH,0.989816427230835
Sir in basketball can you return the money if can't update the scorecard we are waiting since tomorrow,NO_NODES_DETECTED,CHAT_WITH_AN_AGENT,0.13312850892543793
Not add wining balance,CHAT_WITH_AN_AGENT,CHECK_WALLET_BALANCE,0.7903159260749817
Please check basketball mach ka refand nehi aya he,NO_NODES_DETECTED,CANNOT_SEE_JOINED_CONTESTS,0.21750018000602722
‡§™‡•Å‡§∞‡§æ‡§®‡§æ id ‡§®‡§π‡•Ä‡§Ç ‡§ñ‡•Å‡§≤ ‡§∞‡§π‡§æ ‡§π‡•à,NO_NODES_DETECTED,CANNOT_SEE_JOINED_CONTESTS,0.20980913937091827
10 win not 4 win,NO_NODES_DETECTED,CHAT_WITH_AN_AGENT,0.21651910245418549
Hi I am Mohit,GREETINGS_DAY,GREETINGS_DAY,0.9870215058326721
My,NO_NODES_DETECTED,THANKS,0.8720957040786743
My balc was missing,NO_NODES_DETECTED,CHAT_WITH_AN_AGENT,0.9741929173469543
I create team so my winning amount send,WHEN_WINNINGS_DISTRIBUTED,WINNINGS,0.7157741189002991
Regular,NO_NODES_DETECTED,FAKE_TEAMS,0.4303816556930542
mujhe pure paise wapas nahi mile hai,NO_NODES_DETECTED,THANKS,0.6601926684379578
We already sent a mail,NO_NODES_DETECTED,NO_EMAIL_CONFIRMATION,0.4327281713485718
cricket suspended match?,NO_NODES_DETECTED,MATCH_ABANDONED,0.9398938417434692
suspended match?,NO_NODES_DETECTED,MATCH_ABANDONED,0.9836086630821228
Who will win toss of t10 league match of thi vs fcf,NO_NODES_DETECTED,CANNOT_SEE_JOINED_CONTESTS,0.5601860284805298
Tum log Jaan bujh kar kisi Ko jitne nahin jaate Ho khud winner ban jaate Ho,NO_NODES_DETECTED,THANKS,0.29906418919563293
Debit card,NO_NODES_DETECTED,ACCOUNT_BALANCE_DEDUCTED,0.711805522441864
My winning amount has not reflected in the wallet amount,WHEN_WINNINGS_DISTRIBUTED,WHEN_WINNINGS_DISTRIBUTED,0.565055251121521
But u complete the distribution too,NO_NODES_DETECTED,DOWNLOAD_POWERPLAY11,0.19732914865016937
I sir deposited 26 and 12 but not showing on my wallet yet,CHAT_WITH_AN_AGENT,CHAT_WITH_AN_AGENT,0.5944916605949402
"Hi guys, I previously have acount with u I forgot and registered with another number now i m not able to open my previous acount as well this acount shows already register with the PAN card please advice I am just builing a page about uh and have to provide referral
Link",NO_NODES_DETECTED,OFFERS_AND_REFERRALS,0.9490278363227844
Last t10 match Cancelled please refund my money,NO_NODES_DETECTED,MATCH_ABANDONED,0.9788680076599121
Time mistek for contest,NO_NODES_DETECTED,JOIN_CONTEST,0.8320373296737671
Please complete the match,NO_NODES_DETECTED,MATCH_ABANDONED,0.9060900211334229
Match abandoned but Money will not credited to my account,WINNINGS,MATCH_ABANDONED,0.9893265962600708
withdrawl not received,WITHDRAWAL_TIME,WITHDRAWAL_TIME,0.9856049418449402
Can I do instant Widhraw ?,INSTANT_WITHDRAWAL,THANKS,0.24196527898311615
If pen will verification is complete then I will get my amount,NO_NODES_DETECTED,DEDUCTED_AMOUNT_NOT_RECEIVED,0.1791667938232422
TDs certificate,NO_NODES_DETECTED,VERIFY_PAN,0.2824676036834717
Imai very fai nahi ho raha h,NO_NODES_DETECTED,THANKS,0.8480105996131897
how to deactivate,NO_NODES_DETECTED,INSTANT_WITHDRAWAL,0.22174450755119324
How many days will take ...,NO_NODES_DETECTED,CHAT_WITH_AN_AGENT,0.16237252950668335
Amount is debited from my bank account,ACCOUNT_BALANCE_DEDUCTED,DEDUCTED_AMOUNT_NOT_RECEIVED,0.9467566013336182
I am change my mobile no .,CHANGE_MOBILE_NUMBER,CHANGE_MOBILE_NUMBER,0.9944232702255249
Just now i deposit 1222 amount ....but not shown in my wallet,CHAT_WITH_AN_AGENT,DEDUCTED_AMOUNT_NOT_RECEIVED,0.37215927243232727
Cheng the Mobil no,CHANGE_MOBILE_NUMBER,CANNOT_SEE_JOINED_CONTESTS,0.5325490832328796
6 sex all rounder not interest,NO_NODES_DETECTED,CHAT_WITH_AN_AGENT,0.4216674566268921
"Where previously it was üëá

*3-5 Batters
3-5 Bowlers
1-3 All-Rounders
1 Wicket Keeper*",NO_NODES_DETECTED,CANNOT_SEE_JOINED_CONTESTS,0.40832361578941345
Frod fake,FAKE_TEAMS,FAKE_TEAMS,0.9885711669921875
"Tp-w vs ty-w basketball match;
Wrong points updated, s rou not updated",POINTS_NOT_UPDATED,POINTS_NOT_UPDATED,0.9838929176330566
Muje team name change karna haj sir,NO_NODES_DETECTED,CHANGE_PROFILE_TEAM_DETAILS,0.9907957911491394
How to turn off notifications??,NO_NODES_DETECTED,CHAT_WITH_AN_AGENT,0.6707212328910828
My account not opned,NO_NODES_DETECTED,CHAT_WITH_AN_AGENT,0.7574565410614014
fairplay issue,NO_NODES_DETECTED,FAIRPLAY_VIOLATIONS,0.9940108060836792
My email notification winning ke bad,NO_NODES_DETECTED,NO_EMAIL_CONFIRMATION,0.8782778978347778
hello@ymail.com,NO_NODES_DETECTED,GREETINGS_DAY,0.32378700375556946
Ok ty.. Can i call this time,NO_NODES_DETECTED,CONTACT_NUMBER,0.9663121104240417
Change to email how you,CHANGE_PROFILE_TEAM_DETAILS,VERIFY_EMAIL,0.9755530953407288
Reaturn to mony in my wallet,NO_NODES_DETECTED,CHECK_WALLET_BALANCE,0.9896870851516724
No sr,NO_NODES_DETECTED,CHAT_WITH_AN_AGENT,0.9657151699066162
Sks slm volleyball match results not matched results,NO_NODES_DETECTED,POINTS_NOT_UPDATED,0.9419271349906921
‡§∏‡§∞ Belarus premier league ‡§ï‡§æ wining zone ‡§Ö‡§™‡§°‡•á‡§ü ‡§ï‡•ç‡§Ø‡•Å ‡§®‡§π‡•Ä‡§Ç ho ‡§∞‡§π‡§æ ‡§ï‡•É‡§™‡§Ø‡§æ ‡§¨‡§§‡§æ‡§è,NO_NODES_DETECTED,CANNOT_SEE_JOINED_CONTESTS,0.5631712079048157
Next game starts at 7am but you didn't pay yesterday winner money.,CHAT_WITH_AN_AGENT,CHAT_WITH_AN_AGENT,0.49505314230918884
Sir why you are giving this type match whose score updates not have you,POINTS_NOT_UPDATED,WHEN_SCORES_UPDATED,0.2464570552110672
The 20 rupi was also winning amount,NO_NODES_DETECTED,WINNINGS,0.911638617515564
My money return please,NO_NODES_DETECTED,WINNINGS,0.5628775358200073
dummyemail@hotmail.com,NO_NODES_DETECTED,VERIFY_EMAIL,0.3364340662956238
My winning amount not added in my wallet,CHAT_WITH_AN_AGENT,WHEN_WINNINGS_DISTRIBUTED,0.6164979338645935
But not verify,NO_NODES_DETECTED,ACCOUNT_NOT_VERIFIED,0.9834463596343994
Hi I added 3000 by mistake,REFUND_OF_WRONG_AMOUNT,REFUND_OF_WRONG_AMOUNT,0.6958310008049011
Wallet added but why not wining ad money,NO_NODES_DETECTED,CHECK_WALLET_BALANCE,0.40598997473716736
Basketball match Abadand amuont not riciving sir,NO_NODES_DETECTED,CANNOT_SEE_JOINED_CONTESTS,0.5541155338287354
Sir yesterday i joined food ball match,NO_NODES_DETECTED,CANNOT_SEE_JOINED_CONTESTS,0.7544873356819153
‡§∏‡§∞ ‡§¶‡•ã ‡§¶‡§ø‡§® ‡§π‡•ã ‡§ó‡§è contest ‡§ï‡§æ ‡§ï‡•ã‡§à ‡§Ö‡§™‡§°‡•á‡§ü‡•á‡§° ‡§®‡§π‡•Ä‡§Ç ‡§Ü‡§Ø‡§æ ‡§ï‡•É‡§™‡•ç‡§Ø‡§æ ‡§¨‡§§‡§æ‡§è,NO_NODES_DETECTED,CANNOT_SEE_JOINED_CONTESTS,0.3441987633705139
Unka result late ku krte ho,NO_NODES_DETECTED,CANNOT_SEE_JOINED_CONTESTS,0.30885574221611023
‡§∏‡§∞ Nicaragua ‡§´‡•Å‡§ü‡§¨‡§æ‡§≤ ‡§≤‡•Ä‡§ó ‡§ï‡§æ 2 ‡§¶‡§ø‡§® ‡§π‡•ã ‡§ó‡§è contest ‡§≤‡§ó‡§æ‡§è ‡§π‡•Å‡§è ‡§ï‡•ã‡§à ‡§Ö‡§™‡§°‡•á‡§ü‡•á‡§° ‡§®‡§π‡•Ä‡§Ç ‡§Ü‡§Ø‡§æ ‡§π‡•à ‡§ï‡•É‡§™‡§Ø‡§æ ‡§¨‡§§‡§æ‡§è ‡§Ö‡§≠‡•Ä ‡§§‡§ï ‡§Ö‡§™‡§°‡•á‡§ü ‡§ï‡•ç‡§Ø‡•Å ‡§®‡§π‡•Ä‡§Ç ‡§Ü‡§Ø‡§æ,NO_NODES_DETECTED,CANNOT_SEE_JOINED_CONTESTS,0.3384437561035156
Winning money not add in account,WINNINGS,WINNINGS,0.9464884400367737
Where is g clopper point,NO_NODES_DETECTED,CHAT_WITH_AN_AGENT,0.2304234355688095
Why my withdrawal is rejected,NO_NODES_DETECTED,WITHDRAWAL_TIME,0.9143813252449036
Ngv,NO_NODES_DETECTED,THANKS,0.8505095839500427
Mere sat same team Q he?,NO_NODES_DETECTED,FAKE_TEAMS,0.6620011329650879
We already sent a screen shot,NO_NODES_DETECTED,CHAT_WITH_AN_AGENT,0.281293123960495
Match finisher yesterday what not transfer my money this time,CHAT_WITH_AN_AGENT,WITHDRAWAL_TIME,0.7205312848091125
Football match ka amount add kar do,NO_NODES_DETECTED,CANNOT_SEE_JOINED_CONTESTS,0.2182415872812271
My winning has not reflected in the wallet,CHAT_WITH_AN_AGENT,CHAT_WITH_AN_AGENT,0.9686520099639893
100% off means,NO_NODES_DETECTED,CHAT_WITH_AN_AGENT,0.4616517424583435
We are,NO_NODES_DETECTED,APPRECIATION,0.6386107802391052
I was winning in points but Final score was not correct You cheated me,FAKE_TEAMS,CHAT_WITH_AN_AGENT,0.8990340828895569
Mera point kam hai q,NO_NODES_DETECTED,CHAT_WITH_AN_AGENT,0.3130694627761841
1222 ka,NO_NODES_DETECTED,CHAT_WITH_AN_AGENT,0.47969749569892883
Taipe T10 today 2nd match ka winning amount kab milega,NO_NODES_DETECTED,WINNINGS,0.21502958238124847
Football match results,NO_NODES_DETECTED,POINTS_NOT_UPDATED,0.9596269726753235
Match money,NO_NODES_DETECTED,MATCH_ABANDONED,0.8045139908790588
Transection related,CHECK_DEPOSIT_STATUS,UNUTILIZED_MONEY,0.16943612694740295
3456789012,NO_NODES_DETECTED,THANKS,0.5090104341506958
How much tax include for 8877887654,TAXES_ON_WINNINGS,TAXES_ON_WINNINGS,0.9954460859298706
Taipe T10 aaj subah ke match ka winning amount kab milega,NO_NODES_DETECTED,THANKS,0.21678543090820312
This is my last game on your platform,NO_NODES_DETECTED,HOW_POINTS_CALCULATED,0.12459053099155426
I had joined a match today,NO_NODES_DETECTED,CANNOT_SEE_JOINED_CONTESTS,0.8520086407661438
My PAN card bank account verification please,VERIFY_PAN,VERIFY_PAN,0.828228235244751
Nt refunded yet,REFUND_OF_ADDED_CASH,REFUND_OF_ADDED_CASH,0.9886701703071594
I want update my bank details,CHANGE_PROFILE_TEAM_DETAILS,CHANGE_BANK_ACCOUNT,0.8220756649971008
Another account,NO_NODES_DETECTED,ACCOUNT_NOT_VERIFIED,0.9789744019508362
Pls check my account and wallet,CHECK_WALLET_BALANCE,CHECK_WALLET_BALANCE,0.9639673233032227
Dear update Bank account details,CHANGE_BANK_ACCOUNT,CHANGE_BANK_ACCOUNT,0.9229764342308044
"Dear Sir,¬†

¬† ¬† ¬† ¬† ¬† ¬† I am added Rs. 33 each two time, i.e Rs. 66 through paytm as on 6545678877 at 02:12 am. But my cash wallet show on Rs. 29 only.¬†

¬† ¬† ¬† ¬† ¬† ¬†So, please credited the balance amount immediately.¬†

¬† ¬† ¬† ¬† ¬† ¬† Thanking you,¬†

¬† ¬† ¬† ¬† ¬† ¬† ¬† With regards

SANJIB MUKHERJEE",NO_NODES_DETECTED,DEDUCTED_AMOUNT_NOT_RECEIVED,0.35604041814804077
"Dear Sir,¬†

¬† ¬† ¬† ¬† ¬† ¬† I am added Rs. 33 each two time, i.e Rs. 66 through paytm as on 4444555522 at 02:12 am. But my cash wallet show on Rs. 29 only.¬†

¬† ¬† ¬† ¬† ¬† ¬†So, please credited the balance amount immediately.¬†

¬† ¬† ¬† ¬† ¬† ¬† Thanking you,¬†

¬† ¬† ¬† ¬† ¬† ¬† ¬† With regards

SANJIB MUKHERJEE",NO_NODES_DETECTED,DEDUCTED_AMOUNT_NOT_RECEIVED,0.38635310530662537
Pan card not verify...,VERIFY_PAN,VERIFY_PAN,0.994530439376831
8899009900 no. Se nhi khul rhi h id,NO_NODES_DETECTED,THANKS,0.6891881227493286
Recently added,NO_NODES_DETECTED,REFUND_OF_WRONG_AMOUNT,0.10137166827917099
I win 30rs in a league,NO_NODES_DETECTED,FAKE_TEAMS,0.32039177417755127
My winning balance is 30 rupees but,NO_NODES_DETECTED,CHECK_WALLET_BALANCE,0.7186043858528137
Bank account no jud rha,NO_NODES_DETECTED,CHANGE_BANK_ACCOUNT,0.8010855913162231
How much time take to declare the winner after match finished,NO_NODES_DETECTED,MATCH_ABANDONED,0.867754340171814
Now I add but cash not show in wallet,CHAT_WITH_AN_AGENT,CHECK_WALLET_BALANCE,0.9100589752197266
4 all rounder select,NEW_TEAM_PATTERN,NEW_TEAM_PATTERN,0.830392062664032
What the hell,CRITICISM,CRITICISM,0.410812109708786
PowerPlay11 chor h,NO_NODES_DETECTED,THANKS,0.747022271156311
Ghanta ka good day,NO_NODES_DETECTED,GREETINGS_DAY,0.994299054145813
I need agent for helo,CHAT_WITH_AN_AGENT,CHAT_WITH_AN_AGENT,0.994981050491333
Weekend bonanza is not good this time please improve it,NO_NODES_DETECTED,CHAT_WITH_AN_AGENT,0.5109348893165588
Wrong caliculations,NO_NODES_DETECTED,CHAT_WITH_AN_AGENT,0.9185643792152405
I have withdrawn very time sr,NO_NODES_DETECTED,WITHDRAWAL_TIME,0.7418845891952515
I poor man,NO_NODES_DETECTED,CRITICISM,0.9207302331924438
Bonus give me sir,TYPES_BONUS,TYPES_BONUS,0.9636249542236328
I want deposits from last 1 year,NO_NODES_DETECTED,CHECK_DEPOSIT_STATUS,0.9680554270744324
Request 1Day withdrawal,NO_NODES_DETECTED,WITHDRAWAL_TIME,0.9240337610244751
Instant withdrawal option is available now??,INSTANT_WITHDRAWAL,INSTANT_WITHDRAWAL,0.9949023127555847
Results should done immediately,NO_NODES_DETECTED,HOW_POINTS_CALCULATED,0.1575327217578888
Previous match result,NO_NODES_DETECTED,POINTS_NOT_UPDATED,0.9837803244590759
Money not add basketbal abounded jui Vs bon yesterday match,NO_NODES_DETECTED,CANNOT_SEE_JOINED_CONTESTS,0.43302810192108154
is not add 1740 only 740 pls chech,NO_NODES_DETECTED,CHAT_WITH_AN_AGENT,0.3893073797225952
my wallet balance is 25,NO_NODES_DETECTED,CHECK_WALLET_BALANCE,0.9956701993942261
i added 125 rupees but utilised balance shown 25 only please help me,CHAT_WITH_AN_AGENT,CHECK_WALLET_BALANCE,0.7703719139099121
Tomorrow match complete but not add the money,WINNINGS,MATCH_ABANDONED,0.8927288055419922
‡§¨‡•ã‡§®‡§∏ ‡§∞‡§æ‡§∂‡§ø ‡§ï‡§æ ‡§â‡§™‡§Ø‡•ã‡§ó ‡§®‡§π‡•Ä‡§Ç ‡§ï‡§∞ ‡§™‡§æ ‡§∞‡§π‡•á ‡§π‡•à‡§Ç,NO_NODES_DETECTED,CANNOT_SEE_JOINED_CONTESTS,0.23795630037784576
Please help meüôèüèªüôèüèªüôèüèª,CAPABILITIES,CAPABILITIES,0.510891318321228
Not worküôèüèªüôèüèª,NO_NODES_DETECTED,FAKE_TEAMS,0.666131854057312
Football winning are not declared,NO_NODES_DETECTED,CANNOT_SEE_JOINED_CONTESTS,0.6635902523994446
Amount,NO_NODES_DETECTED,WINNINGS,0.9739392995834351
Please tranfer the winning money,WINNINGS,WINNINGS,0.9902620911598206
if match suspended,MATCH_ABANDONED,MATCH_ABANDONED,0.9781951308250427
Sir jo football ki match h,NO_NODES_DETECTED,CANNOT_SEE_JOINED_CONTESTS,0.9495289325714111
Hi just completed t10 match one of my player get two wickets name,NO_NODES_DETECTED,CHAT_WITH_AN_AGENT,0.2492453008890152
"get lost then, bcoz u didn't understand u allways writing sorry i couldn't understand",NO_NODES_DETECTED,CHAT_WITH_AN_AGENT,0.9521695375442505
‡§™‡•á‡§∏‡•á  ‡§®‡§ø‡§ï‡§æ‡§≤‡•á ‡§ï‡•à‡§∏‡•á,NO_NODES_DETECTED,CANNOT_SEE_JOINED_CONTESTS,0.2286245971918106
Cal night ke football match ke paise to dal do,NO_NODES_DETECTED,CANNOT_SEE_JOINED_CONTESTS,0.8810790777206421
Cal night ke paise toda football match,NO_NODES_DETECTED,CANNOT_SEE_JOINED_CONTESTS,0.8664560317993164
Sir I added 26 and 12 but it 0,NO_NODES_DETECTED,CHAT_WITH_AN_AGENT,0.37153390049934387
200 ad hone par 400 Milega kya,NO_NODES_DETECTED,THANKS,0.4190908670425415
200+200 =400,NO_NODES_DETECTED,WINNINGS,0.12335704267024994
"I received a SMS today -- PowerPlay11's exclusive treat for you. Grab your 222 CB reward on adding 1222. Hurry limited time offer for exclusive users. Add now / 
Is it true ?",NO_NODES_DETECTED,CHAT_WITH_AN_AGENT,0.23686103522777557
Sir mere no 8768768769 se h wo number change kerne h plz help me,NO_NODES_DETECTED,CHANGE_MOBILE_NUMBER,0.3666395843029022
great@gmail.com,NO_NODES_DETECTED,APPRECIATION,0.5273744463920593
TaipeT103rd match cancel match ka joining amount jaldi de,NO_NODES_DETECTED,MATCH_ABANDONED,0.9013683199882507
125 rupees transaction not siccess,NO_NODES_DETECTED,CHECK_DEPOSIT_STATUS,0.4826669692993164
My points for basketball ball game is not been updated .. kindly sort the problem,POINTS_NOT_UPDATED,POINTS_NOT_UPDATED,0.8855847120285034
How withdrawal,WITHDRAWAL_INTRO,WITHDRAWAL_INTRO,0.6749337315559387
I won 100rupees but yet that has not come in my winning amount,WINNINGS,WHEN_WINNINGS_DISTRIBUTED,0.32315370440483093
8765487654 update krna h,NO_NODES_DETECTED,CANNOT_SEE_JOINED_CONTESTS,0.22367146611213684
Please give me 100 wallet balance,NO_NODES_DETECTED,CHECK_WALLET_BALANCE,0.9960206151008606
its say timeout ata the time on kyc update,NO_NODES_DETECTED,CHAT_WITH_AN_AGENT,0.36368176341056824
What is safe contest?,TEAM_DEADLINE,CANNOT_SEE_JOINED_CONTESTS,0.5544231534004211
I want tds certificate,NO_NODES_DETECTED,VERIFY_PAN,0.3981943726539612
Game Play  with PowerPlay11,HOW_TO_PLAY,HOW_TO_PLAY,0.3607860207557678
Hey everyday match are abonden what is the reason,NO_NODES_DETECTED,CANNOT_SEE_JOINED_CONTESTS,0.2223382294178009
Basketball Result,NO_NODES_DETECTED,POINTS_NOT_UPDATED,0.2200167328119278
Account deletion,NO_NODES_DETECTED,INSTANT_WITHDRAWAL,0.13001975417137146
Yes thanks,THANKS,GREETINGS_DAY,0.5498230457305908
fair play complaints,NO_NODES_DETECTED,FAIRPLAY_VIOLATIONS,0.9920693635940552
I want to change my mobile number as my contact number is permanently out of service,CHANGE_PROFILE_TEAM_DETAILS,CHANGE_MOBILE_NUMBER,0.9919880032539368
Nice,NO_NODES_DETECTED,APPRECIATION,0.6431050300598145
Call un avill bt raha h,NO_NODES_DETECTED,CONTACT_NUMBER,0.43693119287490845
Sawag ki maa ki chut,NO_NODES_DETECTED,THANKS,0.44746336340904236
Mc sara rupaya kha go,NO_NODES_DETECTED,THANKS,0.6968171000480652
Gando,NO_NODES_DETECTED,THANKS,0.227347731590271
You marked the conversation complete,NO_NODES_DETECTED,CHAT_WITH_AN_AGENT,0.37106791138648987
My team account has not opned  he has temporarily   please open my account  7654765432,NO_NODES_DETECTED,ACCOUNT_RESET,0.2880770266056061
I all ready account he  has been temporarily  stoped,NO_NODES_DETECTED,CHAT_WITH_AN_AGENT,0.31214869022369385
Result,NO_NODES_DETECTED,POINTS_NOT_UPDATED,0.1966955065727234
"Dbr vs ktr baseball match;
Wrong points updated",NO_NODES_DETECTED,POINTS_NOT_UPDATED,0.9815480709075928
My account activet yes/no,NO_NODES_DETECTED,CHAT_WITH_AN_AGENT,0.6399065852165222
Contest is t10 leage,NO_NODES_DETECTED,CANNOT_SEE_JOINED_CONTESTS,0.5842075347900391
‡§™‡•à‡§∏‡§æ ‡§®‡§π‡•Ä ‡§Ü‡§Ø‡§æ ‡§Æ‡•á‡§ö ‡§®‡§π‡•Ä ‡§π‡•Å‡§Ü ‡§Ö,NO_NODES_DETECTED,THANKS,0.1892225593328476
We are making since yesterday but it not getting success,NO_NODES_DETECTED,CHAT_WITH_AN_AGENT,0.7862556576728821
My pan card and bank account is uploaded but it is not getting confirmed,NO_NODES_DETECTED,DEDUCTED_AMOUNT_NOT_RECEIVED,0.3566480278968811
Abe asli aadmi bhejo yaar not virtual assistant,NO_NODES_DETECTED,CHAT_WITH_AN_AGENT,0.3197377920150757
Surprise bonus use,TYPES_BONUS,TYPES_BONUS,0.9935199022293091
"Please distribute the money. 
I want to participate the next tournament. 
But I don't get my winnerüèÜüéâüèÜ amount.",CHAT_WITH_AN_AGENT,WITHDRAWAL_TIME,0.36339470744132996
